time_s,time_h,TMSPA_mM,BMSPA_mM,MMSPA_mM,H3PO4_mM,H2O_mM,TMSOH_mM,siloxyl_mM,EC_mM,TMSOEG_mM,TMSOdiEG_mM,CO2_mM
1.0,0.0002777777777777778,50.0,0.0,0.0,0.0,20.0,0.0,0.0,4500.0,0.0,0.0,0.0
1.0280732238308652,0.00028557589550857364,49.994767224635275,0.005232501556194728,2.737989758085542e-07,9.55245973075723e-12,19.9947676291243,0.005170568120921987,6.783071090821658e-07,4500.0,6.064646794138146e-05,4.779803618802184e-07,6.160242866514191e-05
1.0569345535579884,0.00029359293154388567,49.98938815312729,0.010610720848750366,1.125944300017135e-06,7.967129653186666e-11,19.989389790586486,0.010358089210116942,2.7635628566372856e-06,4500.0,0.0002454181250799849,3.938516326965569e-06,0.0002532951577339161
1.0866061138545973,0.00030183503162627704,49.98385874842087,0.016138646486651413,2.6048120973210354e-06,2.803829601469769e-10,19.98386247572971,0.015559028522560745,6.332681713465449e-06,4500.0,0.0005584726787187962,1.3690388505338886e-05,0.0005858534557294737
1.117110650504824,0.0003103085140291178,49.97817486620851,0.021820371173179833,4.761925160552697e-06,6.931424602080459e-10,19.978181567305754,0.02076972052464821,1.146440869531118e-05,4500.0,0.0010038291644608982,3.341859801036135e-05,0.0010706663604816207
1.1484715478402894,0.00031901987440008037,49.972332252360516,0.027660094088657265,7.652138658890412e-06,1.412165764654066e-09,19.972342836638028,0.025986372648258385,1.8239240518205727e-05,4500.0,0.0015853441558913084,6.720731916488134e-05,0.0017197587942210705
1.18071284666619,0.00032797579074060834,49.96632654031056,0.033662123307376654,1.133383616954765e-05,2.545896648510951e-09,19.966341940716845,0.03120506984379917,2.6739334272127518e-05,4500.0,0.002306686757857223,0.00011956334935542196,0.0025458134565680664
1.2138592626906282,0.0003371831285251745,49.96015324839121,0.03983087825365557,1.5869136513914356e-05,4.21862010105037e-09,19.960174419226814,0.03642177948214388,3.704840938200554e-05,4500.0,0.0031713137833393737,0.0001954391007000216,0.0035621919847394165
1.2479362054713112,0.00034664894596425313,49.9538077771272,0.04617089218850397,2.13241120503924e-05,6.5722363685575035e-09,19.953835691503823,0.04163235734565465,4.9251633165379014e-05,4500.0,0.004182443215390005,0.00030025630460924787,0.004782955824608501
1.282969797894148,0.00035638049941504106,49.94728540648232,0.052686814730498174,2.776901897055856e-05,9.768210170820328e-09,19.947321053421266,0.04683255436443887,6.343549437236469e-05,4500.0,0.005343027101309968,0.0004399296216010608,0.0062228863445120885
1.3189868961986702,0.00036638524894407504,49.94058129305987,0.059383414410190134,3.5278540220112876e-05,1.3989711130004415e-08,19.94062567420446,0.052018024125833714,7.968766426230344e-05,4500.0,0.006655723977254819,0.0006208900315586058,0.00789750404037203
1.3560151105656337,0.0003766708640460094,49.933690467257705,0.06626558125661883,4.393204170254891e-05,1.9443962944894872e-08,19.933744593172047,0.057184331245128686,9.809684400086864e-05,4500.0,0.008122870784803525,0.0008501079576104392,0.009823086700024401
1.3940828262825782,0.0003872452295229384,49.92660783036964,0.0733383294231669,5.3813842364917086e-05,2.6364819361944468e-08,19.92667271640491,0.062326959903370754,0.00011875260730789156,4500.0,0.009746456263922702,0.001135114824355934,0.012016685912634566
1.433219225503574,0.00039811645152877054,49.919328151651264,0.08060679983406568,6.50134990640195e-05,3.501558932132731e-08,19.91940481333837,0.06744132416131929,0.000141745217383603,4500.0,0.011528091784164191,0.0014840255033561594,0.014496142790876505
1.4734543096198354,0.0004092928637832876,49.911846065336626,0.08807626286440455,7.762610681496837e-05,4.5692132385449455e-08,19.91193551327929,0.07252277883671239,0.00016716543378542326,4500.0,0.013468983058075357,0.001905559397767594,0.01728010185361054
1.514818922258346,0.00042078303396065166,49.90415606760315,0.09575212105541465,9.175261517871886e-05,5.8726248220076536e-08,19.90425930184767,0.07756663070837284,0.00019510431225899428,4500.0,0.015569903496505428,0.0024090596416098823,0.020388022779725186
1.5573447729261345,0.0004325957702572596,49.896252513499014,0.10363991184983319,0.00010750016174695921,7.44893882068554e-08,19.896370517339463,0.08256815131372154,0.00022565298103479457,4500.0,0.01783116619179153,0.0030045121809983734,0.023840190553788273
1.6010644613183178,0.00044474012814397715,49.888129613809085,0.11174531037085177,0.00012498242333724416,9.339671436574566e-08,19.88826334701423,0.08752258914094344,0.00025890242198645536,4500.0,0.02025260020729097,0.0037025612232118453,0.02765772265371466
1.6460115023085506,0.00045722541730793074,49.879781431893626,0.12007413220868418,0.00014431998613222854,1.1591154143705779e-07,19.879931823300822,0.0924251843119273,0.0002949432164939991,4500.0,0.022833523707988454,0.00451452547150287,0.03186257465099419
1.6922203516410372,0.000470061208789177,49.87120188047316,0.1286323362412096,0.00016564073542357964,1.4255019200252114e-07,19.871369819925448,0.09727118326775425,0.00033386528818180375,4500.0,0.025572720359273538,0.005452411168672875,0.036477542696619285
1.7397264323438015,0.00048325734231772263,49.862384718360985,0.13742602748573834,0.00018908026595687466,1.7388730087964944e-07,19.8625710479613,0.10205585357747983,0.00037575764096690016,4500.0,0.028468418782345958,0.006528922047835325,0.0415262628780166
1.7885661618834616,0.0004968239338565172,49.85332354715257,0.14646145997181556,0.00021478231398074261,2.1056160939417233e-07,19.853529051797906,0.10677449961344612,0.00042070808263459063,4500.0,0.03151827337171923,0.007757467145192834,0.047033207662104885
1.8387769800823275,0.0005107713833562021,49.844011807886254,0.15574503961923783,0.00024289921218891496,2.5328229559493536e-07,19.844237205027294,0.11142248033499212,0.0004688029179207635,4500.0,0.034719343991028405,0.009152167740172521,0.05302367947137344
1.8903973778192211,0.0005251103827275614,49.83444277762112,0.1652833271748134,0.00027359236816898626,3.028358755186626e-07,19.83468870625655,0.11599522420393751,0.0005201266754685498,4500.0,0.03806808602171429,0.010727856855231328,0.05952379973217694
1.943466926536021,0.0005398519240377836,49.82460956601027,0.1750830411277451,0.00030703276822190904,3.6009374126673153e-07,19.824876574832977,0.12048824818614343,0.0005747617785620531,4500.0,0.041560335031687747,0.012500080185963446,0.06656049540361464
1.9980263085725505,0.0005550073079368195,49.81450511181118,0.18515106066118922,0.0003434015072233374,4.260203786678535e-07,19.8147936464923,0.12489717546523289,0.0006327882292589085,4500.0,0.04519129858815082,0.014485091241694347,0.07416148107153951
2.054117348353065,0.0005705881523202958,49.804122179336275,0.19549442863555289,0.0003828903458249672,5.016823220472331e-07,19.804432568929645,0.12921775201343721,0.0006942833040159086,4500.0,0.0489555545509132,0.016699841220059027,0.08235523699103124
2.1117830444482437,0.0005866064012356232,49.793453354882764,0.20612035456265582,0.0004257022966348097,5.882579192631988e-07,19.793785797286972,0.133445865407609,0.0007593212168853948,4500.0,0.05284704868781637,0.01916196742100078,0.09117098352981794
2.1710676025372653,0.0006030743340381293,49.78249104312374,0.2170362175876919,0.0004720522405673307,6.870479723364975e-07,19.782845589560853,0.13757756408298882,0.0008279727738330948,4500.0,0.056859095915807685,0.021889777687893356,0.1006386512915944
2.232016469295234,0.0006200045748042316,49.7712274634108,0.2282495695274559,0.000522167574395952,7.994873115553485e-07,19.77160400193991,0.14160907236181425,0.0009003050783525692,4500.0,0.06098439426296834,0.024902226380457214,0.11078884702388277
2.2946763672319364,0.0006374101020088712,49.75965464610458,0.23976813784607326,0.0005762888918970101,9.271574184568246e-07,19.760052884053,0.14553681155697534,0.0009763811553947976,4500.0,0.06521503100317294,0.0282188922560503,0.12165281551527353
2.3590953305086355,0.0006553042584746209,49.74776442879177,0.2515998287090445,0.000634670699016886,1.071800139817253e-06,19.74818387415369,0.14935741415695075,0.0010562596614917777,4500.0,0.06954250662934104,0.03185994542636155,0.13326239748206414
2.425322741760353,0.000673700761600098,49.73554845251482,0.2637527299869011,0.0006975821656187557,1.2353326259862537e-06,19.73598839422082,0.1530677422335157,0.0011399945372018514,4500.0,0.0739577546814573,0.035846114360281664,0.14564998340202062
2.4934093699518796,0.0006926137138755221,49.72299815795409,0.27623511426731906,0.0007653079149895118,1.4198635764819551e-06,19.72345764498738,0.15666490436798466,0.0012276346758026081,4500.0,0.07845116880362653,0.04019864720123963,0.15884846320610582
2.563407409296515,0.0007120576136934765,49.71010478152939,0.2890554419070706,0.0008381488526258509,1.627710884238436e-06,19.710582600905113,0.16014626781190164,0.0013192236505212606,4500.0,0.0830126419300585,0.044939265742057304,0.17289117341417312
2.6353705192673944,0.0007320473664631651,49.696859351528865,0.3022223640134657,0.0009164230367989059,1.8614208403484447e-06,19.69735400502891,0.1635094753017544,0.001414799378974434,4500.0,0.08763160093673589,0.05009011939750425,0.1878118397317444
2.7093538657320515,0.000752598296036681,49.683252684174406,0.31574472544445,0.0010004665921177181,2.123788989746291e-06,19.683762363839,0.16675245799075747,0.0015143938351689882,4500.0,0.09229705176330957,0.05567373261828995,0.2036445169998895
2.7854141632417675,0.0007737261564560465,49.66927537963087,0.3296315678182402,0.001090634668091122,2.417882770790276e-06,19.66979794200246,0.16987344474517738,0.0016180328057286133,4500.0,0.09699763318025305,0.06171294731461689,0.2204235278094869
2.863609718508116,0.0007954471440300322,49.654917818054486,0.3438921324341566,0.001187302445195715,2.747066136400595e-06,19.655450757061395,0.1728709760539953,0.0017257355848836564,4500.0,0.10172166635958661,0.06823086498837772,0.23818339633634214
2.944000475100035,0.0008177779097500097,49.64017015554121,0.35853586324281184,0.0012908661897102734,3.1150262401241705e-06,19.640710574074557,0.17574390947102198,0.0018375147760449604,4500.0,0.10645721977892812,0.07525078194768248,0.25695878367429315
3.0266480593956917,0.0008407355720543589,49.625022320099504,0.3735724097379257,0.001401744360117309,3.5258024218047588e-06,19.62556690019567,0.17849142740411988,0.0019533760616268535,4500.0,0.11119217229065559,0.08279612409616628,0.2767844204829883
3.111615827824361,0.0008643377299512114,49.60946400762746,0.38901162978777426,0.0015203787670694984,3.983817672558664e-06,19.61000897919633,0.1811130449103662,0.002073317971795447,4500.0,0.11591427845919766,0.09089037951054584,0.2976950374802894
3.198968915434537,0.0008886024765095936,49.593484677787615,0.40486359251088944,0.0016472357887700516,4.49391269529575e-06,19.59402578595534,0.18360860727188358,0.002197331782388478,4500.0,0.12061124785031879,0.09955702718830572,0.3197253022269303
3.288774285825511,0.0009135484127293085,49.57707354998841,0.4211385809837334,0.0017828076449022186,5.06138291747887e-06,19.577606020886062,0.18597829569597107,0.0023254013088854584,4500.0,0.12527081443008076,0.10881946772723716,0.34290974988455525
3.3811007824806847,0.0009391946618001901,49.560219599306095,0.43784709494451096,0.001927613730799403,5.692018569811609e-06,19.56073810433433,0.18822262544626323,0.0024575027966822582,4500.0,0.1298808156257679,0.11870095184519326,0.3672827193161546
3.4760191815419783,0.0009655608837616606,49.54291155240168,0.4549998534356195,0.002082202014575901,6.3921481021840784e-06,19.543410170943968,0.1903424406627573,0.002593604853576936,4500.0,0.13442927376314173,0.1292245098247946,0.39287829341273106
3.5736022460657875,0.0009926672905738298,49.52513788346754,0.47260779734738934,0.0022471504998210043,7.1686852239589226e-06,19.525610063991213,0.19233890827017877,0.002733668394449537,4500.0,0.1389044763914276,0.14041288300096744,0.41973024239336254
3.673924781802075,0.0010205346616116876,49.506886810251245,0.4906820918124295,0.002423068756390352,8.029179910147478e-06,19.507325329688506,0.19421351454826352,0.0028776465539790508,4500.0,0.1432950528586701,0.15228845639881855,0.44787196565630727
3.7770636945393674,0.0010491843595942687,49.48814629000437,0.5092341286003069,0.0026105995217929083,8.981873504639722e-06,19.488543211487908,0.19596804967764375,0.0030254847528487614,4500.0,0.14759005839677417,0.16487319573306078,0.4773364498628958
3.883098049059606,0.0010786383469610016,49.468904015550336,0.5282755283150987,0.0028104203761007314,1.0035758437017413e-05,19.46925064436342,0.19760459701954666,0.0031771207065657008,4500.0,0.15177904979967524,0.17818858815902758,0.5081562261177305
3.9921091297480524,0.0011089192027077923,49.44914741140623,0.5478181424579602,0.0030232454929400936,1.1200642844415802e-05,19.449434249091315,0.19912552028444777,0.0033324844642249715,4500.0,0.15585215910075698,0.19225558710748855,0.5403633333157343
4.104180502904709,0.0011400501396957527,49.42886362995321,0.5678740553569462,0.0032498274693604718,1.248722045276664e-05,19.42908032653882,0.20053344710210685,0.00349149849638603,4500.0,0.15980016492812854,0.20709456298278756,0.5739892908937038
4.219398080805026,0.0011720550224458405,49.408039547634644,0.5884555859815903,0.0034909592376924183,1.3907146042737336e-05,19.408174851973325,0.20183124601017996,0.0036540778689666247,4500.0,0.16361456024306364,0.22272526395269596,0.6090650881484557
4.337850187558989,0.0012049583854330526,49.38666176133421,0.6095752894868128,0.0037474760617891905,1.5473117164714226e-05,19.386703469382827,0.20302200963735906,0.0038201303452484454,4500.0,0.16728761051657595,0.239166780166223,0.645621170849022
4.459627626819093,0.0012387854518941925,49.36471658484922,0.6312459585677183,0.004020257620592774,1.7198962443572234e-05,19.36465148583161,0.20410903516661646,0.003989556528381606,4500.0,0.17081240719538296,0.2564375153262414,0.6836874378478659
4.584823751389096,0.0012735621531636378,49.342190045387895,0.6534806246926022,0.004310230182730241,1.909973674778658e-05,19.342003865870787,0.2050957942844155,0.0041622501396292805,4500.0,0.17418291472840478,0.2745551750249966,0.7232932647783981
4.713534534786909,0.0013093151485519192,49.319067880328284,0.6762925589737853,0.004618368873695947,2.119182420784759e-05,19.31874522598791,0.2059859130231165,0.004338098182247675,4500.0,0.17739400671509273,0.2935367561398656,0.764467518994824
4.845858644816496,0.00134607184578236,49.29533553408933,0.6996952728219644,0.0049457000393418995,2.3493049339954448e-05,19.294859829128594,0.2067831464195045,0.00451698117779695,4500.0,0.18044149462819023,0.31339854869414896,0.8072385920164883
4.981897519205162,0.001383860422001434,49.27097815517778,0.7237025183169278,0.005293303708301312,2.602279696767771e-05,19.270331579296993,0.2074913523412511,0.004698773421964422,4500.0,0.183322147205065,0.33415614778295805,0.8516344427709811
5.121755443364242,0.001422709845378956,49.24598059337703,0.7483282883243381,0.00566231615724728,2.88021413609625e-05,19.245144016252137,0.20811445977003026,0.004883343315590544,4500.0,0.18603369702908684,0.3558244836813867,0.8976826643918604
5.265539630332757,0.0014626498973146548,49.22032739727833,0.7735868161567201,0.006053932579004572,3.185398591553781e-05,19.219280310299265,0.20865644831974314,0.0050705535722769274,4500.0,0.18857484047399223,0.378417847382956,0.9454105352399045
5.41336030296538,0.001503711195268161,49.19400281197122,0.7994925749564205,0.006469409858857687,3.520321347605941e-05,19.19272325721075,0.2091213204374629,0.005260261525850875,4500.0,0.19094522607187256,0.4019499348022961,0.9948450956764651
5.565330778427647,0.001545925216229902,49.16699077695149,0.826060276738183,0.006910069462286113,3.8876848022346286e-05,19.16545527328519,0.20951306977049808,0.005452319492549093,4500.0,0.1931454279047212,0.4264339095952742,1.0460132470952697
5.72156755506325,0.0015893243208509027,49.13927492447529,0.8533048708637206,0.007377300431344247,4.290422962577953e-05,19.137458390553093,0.2098356649023577,0.005646574968917118,4500.0,0.19517691955571195,0.4518824500681519,1.098941819692016
5.882190401699957,0.0016339417782499882,49.1108385780325,0.8812415422648979,0.007872562500781206,4.731720179636507e-05,19.108714252164248,0.21009301622780632,0.0058428710366337806,4500.0,0.19704202490687758,0.47830783571266733,1.1536576963322125
6.047322449462648,0.0016798117915174022,49.08166475129236,0.9098857090657616,0.00839738932805223,5.215031380499143e-05,19.079204107960436,0.21028895648154944,0.006041046624255183,4500.0,0.1987438689838945,0.505722019998096,1.2101879089800869
6.217090286163828,0.0017269695239343968,49.05173614739582,0.9392530197234362,0.008953391842392668,5.744103833269567e-05,19.048908810263903,0.21042722113344672,0.006240936787663006,4500.0,0.20028632087884649,0.5341367109843698,1.2685597428475865
6.391624053344004,0.00177545112592889,49.02103515858727,0.9693593496905326,0.009542261717077307,6.32300051042644e-05,19.01780880989975,0.21051142557394592,0.006442373040292301,4500.0,0.20167392350372773,0.563563468030511,1.3288008595647505
6.571057546036272,0.0018252937627878532,48.98954386629204,1.000220797491609,0.010165774964267913,6.956125206526903e-05,18.98588415247279,0.2105450465322946,0.006645183649666084,4500.0,0.202911818220723,0.59401379917276,1.3909394165662436
6.7555283153316426,0.0018765356431476785,48.957244041697265,1.0318536801566824,0.010825795650081455,7.648249595324133e-05,18.95311447493293,0.2105314106726238,0.006849193878171676,4500.0,0.20400567358173002,0.625499246982777,1.455004167547285
6.945177773823696,0.0019292160482843599,48.924117146696595,1.0642745281390575,0.011524279742975011,8.404542135666063e-05,18.91947900243466,0.21047367443701928,0.0070542263242776475,4500.0,0.204961591805828,0.6580315050464441,1.5210246018987168
7.1401513040134,0.0019833753622259444,48.89014433549354,1.0975000794367336,0.012263279076617718,9.230599309892789e-05,18.884956545551876,0.21037482031695123,0.0072601011216805005,4500.0,0.20578603812714322,0.6916224949305796,1.5890310279883029
7.3405983697572115,0.0020390551027103365,48.85530645658866,1.1315472731693192,0.013044945453213734,0.0001013247887939194,18.84952549782738,0.21023764035679043,0.007466636270045438,4500.0,0.2064857402069876,0.7262844853870287,1.6590547109810458
7.546672630843891,0.0020962979530121917,48.81958405546923,1.1664332423117636,0.013871534861369453,0.00011116735762929819,18.813163833739964,0.2100647343522771,0.0076736478478932725,4500.0,0.20706761233764906,0.7620301717704471,1.7311279558785435
7.758532060787836,0.002155147794663288,48.7829573778571,1.2021753057158606,0.014745411822714233,0.00012190460431411552,18.7758491070921,0.20985850579813137,0.007880950266870287,4500.0,0.20753867366904696,0.7988727632220817,1.8052842001132106
7.976339067929277,0.0022156497410914656,48.745406373556605,1.238790959372196,0.015669053872401854,0.0001336131987853042,18.737558449831184,0.2096211558918505,0.008088356545078895,4500.0,0.20790595751383092,0.8368260802662852,1.8815581180464018
8.20026061993413,0.0022778501722039253,48.706910701058625,1.2762978667750546,0.016645056148963434,0.00014637601734560212,18.69826857139986,0.20935468779377692,0.008295678525420139,4500.0,0.2081764460350942,0.8759046162940758,1.9599856786232461
8.43046837178897,0.0023417967699413808,48.667449732798474,1.3147138484740235,0.01767613611447477,0.00016028261301454313,18.657955758592276,0.2090609071863139,0.008502727134833661,4500.0,0.2083569960394862,0.9161236110953184,2.040604218230124
8.667138797389232,0.002407538554830342,48.627002561167956,1.3540568707175409,0.018765138396543608,0.00017542971795190718,18.6165958759672,0.20874142507095678,0.008709312632225017,4500.0,0.20845427051982834,0.9574991158580175,2.123452502235864
8.910453324821516,0.0024751259235615323,48.58554800534563,1.3943450331393858,0.019915039732330008,0.0001919217826542666,18.574164366904043,0.20839766591226724,0.008915244856593453,4500.0,0.20847468984382947,1.0000480325314942,2.208570754906818
9.160598475443708,0.0025446106876232523,48.543064618918194,1.4355965554991488,0.021128954032514635,0.00020987155013758312,18.53063625528122,0.20803087371861476,0.009120333496352218,4500.0,0.2084243797704178,1.043788157781623,2.2960006953336642
9.417766006869522,0.0026160461130193117,48.49953069836785,1.4778297634055966,0.022410137559162865,0.00022940066738772431,18.485986147823184,0.2076421190473246,0.009324388349812357,4500.0,0.2083091248283778,1.0887382199995277,2.385785564827433
9.682153059967083,0.0026894869611019676,48.45492429249181,1.5210630729863266,0.02376199418042653,0.0002506403414395469,18.4401882372459,0.20723231076778775,0.00952721961794013,4500.0,0.20813434484953452,1.1349178875670654,2.4779701199836652
9.953962309984236,0.0027649895305511766,48.40922321274208,1.5653149744908683,0.025188080730792827,0.0002737320362677581,18.393216306147853,0.2068022054333227,0.00972863820965086,4500.0,0.20790506823387137,1.1823477820235306,2.5726006322809334
10.233402121916418,0.0028426117005323384,48.36240504456165,1.610604014757784,0.02669211246751565,0.00029882821305774626,18.345043731702848,0.20635241703900378,0.00992845603537919,4500.0,0.20762591115848542,1.2310494841125101,2.669724879383507
10.520686710236228,0.002922412975065619,48.314447159764676,1.6569487785334096,0.028277968580100576,0.00032609312182012474,18.29564349129247,0.2058834292053708,0.010126486352080783,4500.0,0.20730107403993417,1.2810455191583738,2.769392112356683
10.816036303107099,0.003004454528640861,48.265326729988644,1.7043678686025356,0.029949697766055598,0.00035570364277052953,18.244988169065426,0.20539560663439457,0.010322544128923914,4500.0,0.20693434188673035,1.332359338332755,2.8716530185522413
11.11967731120699,0.003088799253113053,48.21502074127584,1.7528798846695264,0.03171152387734831,0.00038785017728668996,18.19304996344065,0.20488920558688845,0.010516446397272417,4500.0,0.20652908630094718,1.385015298322472,2.9765596829458922
11.431842501291497,0.0031755118059143047,48.16350600982573,1.8025034009993957,0.03356785157605706,0.00042273759882324665,18.13980069572609,0.2043643855553595,0.01070801267461339,4500.0,0.2060882804886594,1.439038625603503,3.0841655316956667
11.752771174629451,0.003264658659619292,48.110759198980425,1.8532569427160621,0.03552327204750363,0.00046058625601703615,18.085211819762964,0.20382121933354774,0.010897065342623559,4500.0,0.20561451245453752,1.494455383154557,3.1945252787636536
12.082709350447766,0.003356308152902157,48.0567568374744,1.9051589607938844,0.037582568690887656,0.0005016330408375761,18.029254432801437,0.2032597035584213,0.011083430100152404,4500.0,0.20511000757467196,1.5512924260135437,3.30769485960176
12.421909954526175,0.0034505305429239374,48.00147533901085,1.9582278056632338,0.039750722807896266,0.0005461325180250537,17.97189928758056,0.20267976831410267,0.011266936414203245,4500.0,0.20457665234698827,1.6095773553923733,3.4237313631317363
12.77063301308644,0.0035473980591906778,47.94489102321527,2.0124816994021852,0.04203291926321501,0.0005943581193421747,17.913116805690784,0.2020812859920705,0.011447417977970473,4500.0,0.20401601983309525,1.669338470554304,3.542692960941704
13.129145852124653,0.0036469849589235146,47.88698013801718,2.067938706487153,0.04443455208969581,0.0006466034059870805,17.852877092298804,0.20146407957792006,0.011624713183852099,4500.0,0.2034293972153319,1.7306047177723192,3.6646388327599717
13.497723302339425,0.003749367583983174,47.827718883506854,2.1246167030820624,0.046961230008656644,0.0007031834024355414,17.791149952309237,0.2008279302151302,0.011798665616461783,4500.0,0.20281781406948748,1.7934056378379104,3.78962908974531
13.876647909813085,0.003854624419392524,47.76708343730475,2.1825333448702016,0.049618781817749584,0.0007644360073150622,17.727904908068552,0.2001725841767482,0.011969124596742469,4500.0,0.20218207152751866,1.8577713116786636,3.9177246948848476
14.266210152607377,0.003962836153502049,47.70504998158169,2.241706033213172,0.05241326174046958,0.0008307234646838015,17.663111218476285,0.1994977586052955,0.012135945564987519,4500.0,0.20152276726926427,1.9237323101323969,4.048987387534059
14.666708663439685,0.004074085739844357,47.64159473154844,2.3021518801223566,0.05535095438168168,0.0009024339475379469,17.59673790009953,0.19880314742758426,0.012298990828405399,4500.0,0.20084032530654466,1.9913196363861634,4.183479598078873
15.078450458610519,0.004188458460725144,47.57669396599764,2.3638876708858265,0.05843837996940145,0.0009799831471437087,17.52875374928328,0.19808842529026105,0.012458129549878289,4500.0,0.20013501516997645,2.060564680754836,4.321264376679649
15.501751173357704,0.004306041992599362,47.510324059103404,2.426929826132991,0.06168229872347736,0.0010638160401459584,17.459127367012435,0.19735325252057112,0.012613238713358354,4500.0,0.1994069805362564,2.1314991612656087,4.462405303067475
15.936935303817753,0.004426926473282709,47.442461514364446,2.491294361548446,0.06508971541974876,0.0011544086673715864,17.387827184964134,0.1965972783495608,0.012764203354733546,4500.0,0.19865625771886003,2.20415507566094,4.606966409040741
16.384336455779838,0.004551204571049955,47.373082999907204,2.5569968469595383,0.06866788305063871,0.0012522700826315377,17.314821494230717,0.19582014434964204,0.012910917539964858,4500.0,0.1978827962446902,2.278564647683217,4.7550120916111265
16.84429760042315,0.0046789715556730975,47.30216538678443,2.6240523615421694,0.07242430748538016,0.001357944188035691,17.240078474505598,0.19502148617144713,0.013053283583172768,4500.0,0.19708647059529047,2.3547602851927225,4.906607040980737
17.31717133723354,0.004810325371453761,47.229685787937875,2.692475450012956,0.07636675016628208,0.0014720118829027761,17.16356622727809,0.19420093648811654,0.01319121327285539,4500.0,0.19626709889613425,2.432774524113036,5.061816147122208
17.803320164301137,0.004945366712305872,47.15562159935044,2.7622800767536058,0.08050323064387215,0.0015950932520948737,17.085252810787367,0.1933581271009227,0.01332462858553757,4500.0,0.19542445596165314,2.5126399776127526,5.22070441118716
18.30311675620612,0.005084199098946144,47.07995054352519,2.8334795776867425,0.08484202901051613,0.001727849777562372,17.005106276721417,0.19249269028825175,0.013453461762416564,4500.0,0.19455828200338154,2.5943892892727645,5.383336860548911
18.816944249705557,0.005226928958251544,47.00265071675806,2.906086607151819,0.08939168972283362,0.0018709863672993602,16.92309470786396,0.19160425924940425,0.013577653563881706,4500.0,0.19366828929130928,2.6780550900796767,5.549778469450664
19.34519653744045,0.0053736657048445696,46.923700632956546,2.980113094219195,0.0941610184824222,0.0020252543418511695,16.83918626361149,0.19069247149599652,0.013697157821621432,4500.0,0.19275417614693027,2.763669930972192,5.720094038091316
19.888278569888097,0.005524521824968916,46.84307927711859,3.055570182507307,0.09915908707375262,0.0021914533003635395,16.753349220657768,0.1897569677058455,0.013811937214208684,4500.0,0.19181562650058787,2.851266247969821,5.89434812244023
20.446606665791165,0.005679612962719768,46.76076615540617,3.132468179535982,0.10439523111480646,0.002370433943046062,16.665552021803613,0.18879739361726633,0.013921965398887692,4500.0,0.19085231791802693,2.940876301310433,6.072604920538895
21.020608831301583,0.0058390580086948845,46.67674134770251,3.210816503929773,0.1098790474856486,0.0025631008820755567,16.57576332663221,0.1878134013554468,0.014027228180047842,4500.0,0.18986392623981535,3.0325321176407076,6.254928161521232
21.610725088083775,0.006002979191134382,46.590985566541626,3.2906236230960735,0.11562039544958186,0.0027704149127276956,16.48395206218414,0.1868046490422087,0.014127720918102158,4500.0,0.1888501266658305,3.1262654412379454,6.441381009141724
22.217407810628846,0.006171502169619124,46.50348021363852,3.371896998536181,0.12162939181528261,0.0029933960100265466,16.390087479845036,0.1857708021684041,0.014223450042403041,4500.0,0.18781059766481978,3.222107670327565,6.63202593831995
22.841122073038246,0.006344756131399513,46.41420744025371,3.454643026713424,0.1279164069024743,0.0032331261303963615,16.29413921402309,0.18471153428562537,0.014314432933192683,4500.0,0.18674502300909254,3.3200897957972266,6.826924614603548
23.482346005542762,0.006522873890428545,46.32315020815644,3.5388669817634524,0.1344920578388653,0.0034907522412429546,16.196077344358063,0.1836265279467362,0.014400698523516062,4500.0,0.18565309377711756,3.420242335442795,7.0261377646627095
24.14157116103019,0.006705991989175052,46.2302923598424,3.62457294375782,0.14136720790250032,0.003767488497283094,16.095872458641477,0.18251547399583512,0.014482283696685038,4500.0,0.1845345079702856,3.5225952757439485,7.229725059458184
24.819302891862552,0.006894250803295154,46.13561867878843,3.7117637490500215,0.14855295219153103,0.004064619970025731,15.993495723736002,0.18137807384275317,0.014559237079702957,4500.0,0.18338897388457423,3.6271779915051963,7.437744956894969
25.51606073727185,0.0070877946492421805,46.03911495991612,3.800440924369524,0.15606061039664237,0.004383505317720508,15.88891895621587,0.18021403957845625,0.014631617332380456,4500.0,0.18221621032400806,3.734019176597514,7.650254563519038
26.232378821631237,0.007286771894897566,45.94076808414296,3.8906046166219976,0.1639017199742244,0.004725579260833986,15.782114696675436,0.1790230939422144,0.014699491028922776,4500.0,0.18101594665758997,3.8431467717440673,7.8673094901457254
26.968806263906927,0.00749133507330748,45.840566087325534,3.982253536480011,0.17208802028108813,0.005092355913377782,15.673056289388736,0.17780497177277127,0.014762934171597616,4500.0,0.179787924625744,3.954587880089379,8.088963684804504
27.725907598604824,0.007701640999612451,45.73849823531516,4.07538489380922,0.180631439314913,0.005485431560714993,15.56171796427852,0.17655942061076854,0.014822031400248861,4500.0,0.1785318989694624,4.06836868478923,8.315269268547924
28.504263208534347,0.00791785089125954,45.634555100730324,4.1699943332457865,0.18954407864252557,0.005906487381375614,15.44807492253061,0.17528620132526054,0.014876875206113792,4500.0,0.1772476380683898,4.184514362917855,8.546276363904102
29.30446976972143,0.008140130491589286,45.528728642949226,4.26607586724613,0.19883819785414597,0.006357291950509462,15.332103426014145,0.17398508867871035,0.014927564820636213,4500.0,0.17593492446700548,4.30304899606773,8.78203291660247
30.12714070881164,0.008368650196892122,45.421012287569866,4.363621813490083,0.2085261950882858,0.006839703851768961,15.213780890604587,0.17265587219948225,0.014974205827089375,4500.0,0.1745935557599,4.423995475657168,9.022584507074239
30.972906673314085,0.008603585187031691,45.3114010037088,4.462622739539685,0.21862058227151468,0.007355674480005651,15.093085983186036,0.17129835748192487,0.015016910709307593,4500.0,0.1732233459628889,4.54737540270807,9.26797415137903
31.84241601504653,0.008845115559735148,45.199891389550004,4.563067395708462,0.22913396476727227,0.00790724997427071,14.969998721935903,0.16991236665798498,0.015055797102262703,4500.0,0.17182412584175363,4.673208988510323,9.518242102862402
32.73633528715246,0.00909342646865346,45.0864817602696,4.664942647147752,0.24007901965559253,0.008496572927057681,14.844500581117602,0.16849773903141443,0.015090986358251809,4500.0,0.17039574346709868,4.801514950073861,9.773425643614823
33.655349755070944,0.009348708265297484,44.97117222683968,4.768233425632523,0.2514684628148361,0.00912588471296679,14.716574598929093,0.1670543325917967,0.015122604330728377,4500.0,0.16893806581225415,4.932310398384357,10.03355886258097
34.600163921851106,0.009611156644958641,44.85396478295639,4.8729226698468375,0.2633150203244873,0.009797526872286,14.586205489175256,0.16558202489844825,0.015150780288467426,4500.0,0.16745097955598168,5.065610726130074,10.298672431816131
35.57150206821386,0.009880972796726072,44.7348633921062,4.97899126860467,0.2756313970701091,0.010513942219025631,14.453379756602493,0.16408071406303532,0.015175646004997302,4500.0,0.1659343920162834,5.20142949136142,10.568793374739125
36.570108807774915,0.010158363557715254,44.613874077487864,5.0864180021651695,0.2884302449052668,0.011277675441703567,14.318085816371038,0.16255031973704376,0.015197334672391516,4500.0,0.16438823207701495,5.33977829719074,10.843944826458499
37.59674965785467,0.010443541571626297,44.4910050050344,5.195179498741525,0.30172412243098334,0.012091373793089564,14.180314115893408,0.16099078450627743,0.015215980876708361,4500.0,0.16281245160922744,5.480666667162607,11.124145785934443
38.652211626312635,0.01073672545175351,44.36626657152633,5.305250184801304,0.3155254567479266,0.012957786924428805,14.040057260657012,0.15940207505024315,0.01523171972799503,4500.0,0.16120702658557906,5.6241019180273994,11.409410862640378
39.737303814856084,0.011038139948571134,44.23967149441896,5.416602235174369,0.329846504298449,0.0138797661082235,13.897310143801576,0.15778418330374996,0.015244685898053473,4500.0,0.15957195820410394,5.770089028840745,11.699750015885595
40.852858039285636,0.011348016122023788,44.111234888155906,5.529205549236894,0.3446992989707859,0.014860263636403009,13.752070075915967,0.1561371281265314,0.01525501400418077,4500.0,0.15790727460825574,5.918630507393295,11.995168289394845
41.99972946715306,0.011666591518653627,43.98097436099048,5.643027693744395,0.3600956149379128,0.015902330327209214,13.60433692218795,0.15446095627764211,0.015262836790338288,4500.0,0.15621303176066895,6.069726253031629,12.295665537823927
43.178797273320235,0.011994110353700065,43.84891009567396,5.7580338760841,0.3760469149602869,0.017009113281646216,13.454113239203144,0.1527557439944731,0.015268285053294287,4500.0,0.154489315062085,6.2233734167352335,12.601236148532553
44.39096531392171,0.012330823698311587,43.715064927801194,5.874186923314088,0.3925642960389662,0.018183852845739607,13.30140441348907,0.15102159856093195,0.015271487418850826,4500.0,0.152736240934581,6.379566259644794,12.91186876022417
45.637162819247585,0.012676989672013219,43.579464427638186,5.9914472568827275,0.4096584369860942,0.019429878492983933,13.14621880339452,0.14925865978486386,0.015272569728929366,4500.0,0.15095395828897115,6.538296008850942,13.227545975990857
46.918345106077965,0.013032873640577213,43.442136978190014,6.109772875213228,0.42733954268314883,0.020750603913604868,12.988567882270312,0.14746710154523127,0.015271654591193146,4500.0,0.14914265008074906,6.699550711560741,13.548244073202234
48.23549431001467,0.01339874841944852,43.303113850793004,6.229119341639923,0.44561728638475495,0.022149521182313534,12.828466383032604,0.14564713338360263,0.015268860989518695,4500.0,0.14730253491467488,6.863315087727828,13.873932710370331
49.58962013837214,0.01377489448288115,43.16242927833183,6.349439777195946,0.464500750534628,0.023630193937595783,12.665932443855427,0.14379900212790528,0.015264303933959491,4500.0,0.14543386868471206,7.029570381446222,14.204574631577158
50.98176064420424,0.014161600178945624,43.02012051487649,6.4706848764648335,0.4839983588946595,0.02519624976400863,12.500987750934794,0.14192299359847846,0.015258094481514196,4500.0,0.14353694632394615,7.198294214709494,14.540125375742935
52.41298302206059,0.014559161950572386,42.87622791798974,6.5928028857938585,0.5041178253988338,0.02685137081756086,12.333657689864191,0.14001943416717177,0.015250338908942347,4500.0,0.14161210333865806,7.369460433769262,14.880532970877185
53.884384426082235,0.014967884562800621,42.73079499031454,6.715739648870405,0.5248660766078977,0.02859928420715291,12.163971484437045,0.13808869253616865,0.015241139145247171,4500.0,0.13965971767470392,7.54303896625506,15.225737650184827
55.397092811064034,0.015388081336406676,42.58386843998173,6.8394386200267405,0.5462491894267524,0.030443750564772394,11.991962341848083,0.13613118138239588,0.015230592423189384,4500.0,0.13768021136392472,7.718995673030633,15.575671557425192
56.95226779712825,0.01582007438809118,42.43549822874733,6.963840896497242,0.5682723232266603,0.03238855152876429,11.817667593650386,0.1341473590137522,0.015218791187783787,4500.0,0.1356740522168553,7.8972922039794495,15.930258460175754
58.55110155867241,0.016264194877409002,42.285737615951305,7.088885255707686,0.5909396524009138,0.03443747594008786,11.641128834690663,0.1321377310104058,0.01520582302098163,4500.0,0.13364175549871946,8.077885855827457,16.289413467153636
60.19481973827274,0.016720783260631318,42.134643194862015,7.214508202617196,0.6142542977572125,0.03659430476356677,11.462392058215512,0.1301028518431186,0.01519177063837606,4500.0,0.13158388558507875,8.260729433766143,16.653042753117365
61.88468238624386,0.017190189551734406,41.98227492136371,7.34064402648352,0.6382182574676087,0.03886279468515922,11.281507786451142,0.12804332644905367,0.015176711925898324,4500.0,0.12950105757575445,8.445771117646382,17.02104329286852
63.62198492657489,0.017672773590715247,41.8286961367419,7.467224863596113,0.6628323392854604,0.041246660376532705,11.098531196688521,0.12595981175520723,0.01516071998569314,4500.0,0.1273939388552812,8.632954332763527,17.393302604382335
65.40805914998256,0.018168905319439602,41.673973568357205,7.594180790769504,0.6880960855736279,0.04374955529965806,10.913522235514346,0.12385301810353594,0.015143863330620608,4500.0,0.1252632505627868,8.82221763253694,17.769698515636666
67.24427423484249,0.018678965065234025,41.51817736229685,7.721439863810315,0.7140077223950229,0.04637505149780291,10.726545742640555,0.12172371068288912,0.015126205734865675,4500.0,0.12310976904310458,9.013494571946815,18.150098912936738
69.13203779678132,0.019203343832439254,41.36138104836366,7.848928256976518,0.7405640770199687,0.04912661763985246,10.537671542702594,0.11957271074316839,0.015107806639146383,4500.0,0.12093432711805999,9.206713612845261,18.534361552808583
71.07279696773419,0.019742443602148385,41.20366154104819,7.9765703394905,0.76776052332042,0.052007596140880914,10.346974546598576,0.11740089680054935,0.015088721153099937,4500.0,0.11873781531384102,9.401798020182165,18.92233385567817
73.06803950529503,0.020296677640359733,41.04509911139422,8.104288790716524,0.7955909189631798,0.05502117892607141,10.154534834820955,0.11520920567717349,0.01506900024259223,4500.0,0.11652118293670789,9.598665776370803,19.31385273567831
75.11929493320964,0.020866470814780456,40.885777351877806,8.232004718359603,0.8240475476688288,0.05817038209376198,9.960437730916578,0.1129986334132336,0.015048690895664041,4500.0,0.11428543901540122,9.797229505807355,19.70874445063011
77.22813571388642,0.021452259920524006,40.725783129748976,8.359637785936032,0.8531210647835228,0.061458019531457984,9.764773862200204,0.1107702360258005,0.015027836298195632,4500.0,0.11203165308803735,9.997396412435993,20.10682447796002
79.3961784538228,0.022054494014950778,40.56520652522186,8.487106353987217,0.8828004452984934,0.06488667549242688,9.567639204960953,0.10852513008408556,0.01500647602297727,4500.0,0.1097609558028239,10.19906823317739,20.507897422157605
81.62508514287228,0.022673634761908968,40.40414077455751,8.614327604282293,0.9130729442903324,0.06845867686985598,9.369135122695823,0.10626449317483369,0.014984646168887141,4500.0,0.10747453940379029,10.402141198604898,20.911756936613582
83.91656442830157,0.023310156785639326,40.242682166184736,8.74121772344501,0.9439240465550863,0.07217606381516338,9.169368371601315,0.10398956401879962,0.014962379602527552,4500.0,0.10517365786913303,10.606506026956456,21.31818571178204
86.2723729246145,0.02396454803461514,40.08092995753962,8.867692043890706,0.9753374377537603,0.07604056081590475,8.968451104240287,0.10170164251458112,0.014939706086765656,4500.0,0.10285962696652741,10.812047920240072,21.72695546744667
88.69431656014709,0.024637310155596413,39.91898626445214,8.993665213427308,1.0072949750000415,0.08005354712050503,8.766500847664632,0.09940208949358556,0.014916652454079296,4500.0,0.10053382401974982,11.018646586416185,22.13782699685211
91.18425196146572,0.025328958878184923,39.75695593829223,9.119051369655388,1.0397766649308735,0.0842160271215,8.563640461882864,0.09709232623341534,0.014893242765037257,4500.0,0.09819768742866752,11.226176281738246,22.550550250905157
93.74408787662996,0.02604002441017499,39.59494642936068,9.243764320531472,1.072760649204825,0.08852860090300786,8.359998076804748,0.09477383370986818,0.014869498455433646,4500.0,0.09585271592330306,11.434505875154876,22.964864466233053
96.37578663841089,0.026771051844003024,39.43306763658655,9.367717730137203,1.1062231980511374,0.09299143522509729,8.155707006555527,0.09244815157481809,0.01484543847083663,4500.0,0.09350046753919594,11.643498935907852,23.380498339354897
99.08136566858671,0.02752260157460742,39.27143174333258,9.490825309107029,1.140138712334803,0.09760423522558154,7.950905639933927,0.09011687684632474,0.014821079387848346,4500.0,0.09114255830029656,11.853013845579833,23.79717024945996
101.86289902446876,0.0282952497290191,39.110153038869534,9.613001009522138,1.1744797344875604,0.10236621712076407,7.745737305661324,0.08778166229615526,0.014796435521416965,4500.0,0.08878066059445269,12.062903935974878,24.21458853254421
104.72251898884343,0.029089588608012064,38.9493477198566,9.734159231163714,1.2092169670622188,0.10727608191746259,7.540350107978233,0.08544421448623205,0.014771519019314287,4500.0,0.08641650119265513,12.273017657371796,24.632451815936243
107.66241770454933,0.02990622714015259,38.78913369934904,9.854215000930385,1.2443193078168038,0.11233199190377206,7.334896747656172,0.08310629161898689,0.014746339932023607,4500.0,0.08405185907797107,12.483198761763074,25.050449382604118
110.6848488549412,0.030745791348594776,38.629630364286484,9.9730842052465,1.279753883291526,0.11753154717549001,7.129534292925826,0.08076970081521183,0.01472090628239058,4500.0,0.08168856269606103,12.693286537328738,25.468261637353535
113.7921293915315,0.031608924830980975,38.47095835423094,10.09068377559625,1.3154861038500723,0.12287176632273461,6.924423941838751,0.07843629527329145,0.014695224103891267,4500.0,0.07932848708229663,12.903116051749997,25.88556059058229
116.9866413101307,0.03249628925281408,38.3132393091641,10.206931897978865,1.3514797239489045,0.128349068908118,6.71973074486851,0.07610797097117698,0.01466929747008152,4500.0,0.0769735505268279,13.112518436211632,26.30201042295009
120.2708334768512,0.03340856485468089,38.156595606644785,10.321748218020343,1.3876969142203885,0.13395926111448117,6.515623298700611,0.0737866630318687,0.01464312850571612,4500.0,0.07462571089799253,13.32132119891204,26.71726810872207
123.6472235053715,0.034346450973714304,38.00115008509681,10.435054045776328,1.4240983444080058,0.13969752471884686,6.312273408631651,0.07147434172622175,0.014616717381075643,4500.0,0.07228696159804003,13.52934857071124,27.130984103020516
127.11839968690289,0.03531066657969525,37.84702576197325,10.546772548945452,1.4606432788485522,0.14555841023274696,6.109855724948148,0.06917300817593727,0.014590062289486795,4500.0,0.06995932721483378,13.73642187741982,27.542803082054473
130.68702297433464,0.03630195082620406,37.69434551140106,10.656828978752882,1.4972896774991218,0.1515358323469318,5.908547328615694,0.06688468948166794,0.014563159408158749,4500.0,0.06764485859117594,13.942359963951532,27.952364786494236
134.35582902208262,0.03732106361724517,37.54323179018753,10.765150817320716,1.5339943191284406,0.15762307336330922,5.708527327175293,0.06461143396501977,0.014536002843361462,4500.0,0.06534562800929988,14.146979608055252,28.359304844119805
138.12763028320094,0.03836878618977804,37.39380629370544,10.871667995202868,1.5707129234533916,0.16381278763829887,5.509976379534152,0.062355305610902245,0.014508584559240858,4500.0,0.06306372356616656,14.350096006777767,28.7632557371217
142.00531816536832,0.03944592171260231,37.24618962799514,10.976313070795152,1.6074002887731142,0.17009701243658149,5.313076208638836,0.06011837837886619,0.014480894290503496,4500.0,0.060801243415944846,14.551523275324076,29.1638477940641
145.99186524739787,0.04055329590205496,37.100500957207494,11.079021422403995,1.6440104374297846,0.17646718295872216,5.118009073298246,0.057902730059823874,0.01445291943851962,4500.0,0.0585602895514244,14.751074987700212,29.560710264951847
150.09032755797367,0.04169175765499269,36.95685766949011,11.179731401952317,1.6804967743845864,0.18291415417297538,4.924957231713185,0.05571043605258362,0.01442464495414405,4500.0,0.056342961506194514,14.94856472582212,29.953472413150436
154.30384691835647,0.042862179699543465,36.81537502293893,11.278384497705183,1.7168122521492437,0.1894282272066309,4.7341023695811915,0.053543562754367065,0.01439605320529921,4500.0,0.05415134966526749,15.143806664842103,30.341764679349474
158.63565335085897,0.04406545926412749,36.676165759138975,11.374925519113642,1.7529095421189262,0.19599917962844612,4.54562498158999,0.0514041604413001,0.014367123827367195,4500.0,0.05198752805844453,15.336616206131126,30.725219940320702
163.08906755493325,0.04530251876525924,36.539339783776526,11.469302692024755,1.7887412189382053,0.20261630526050312,4.359703787884044,0.04929425656858748,0.014337833567262315,4500.0,0.049853547582534644,15.526810574445799,31.103474696474137
167.66750345276992,0.04657430651465831,36.40500378420044,11.561467814561961,1.8242599454427728,0.2092684557948198,4.176515083276325,0.047215848328893056,0.014308156108835578,4500.0,0.0477514284716086,15.714209483862565,31.476170396196746
172.37447080636198,0.04788179744621166,36.273260836828584,11.65137641197674,1.8594186639230532,0.2159440872716131,3.9962320602466184,0.045170894936827244,0.014278061884848153,4500.0,0.04568315249064142,15.89863583048929,31.842954813469223
177.21357790803586,0.049225993863343295,36.14421003098143,11.738987862308681,1.8941707940642083,0.222631312645672,3.819024129504683,0.04316130991870655,0.01424751787934063,4500.0,0.0436506551308517,16.07991638761464,32.203483430360144
182.18853434651672,0.050607926207365754,36.01794617266768,11.824265429974849,1.9284704344450931,0.22931796291236295,3.6450562998272447,0.04118895410882031,0.014216487429914833,4500.0,0.04165581852871373,16.25788244015353,32.55742069883578
187.30315385064367,0.05202865384740102,35.89455936733793,11.907176423689792,1.9622725627317728,0.23599164624049399,3.474488442131789,0.03925562734207529,0.014184930007153866,4500.0,0.039700463065259525,16.432370537501946,32.90444153806916
192.56135721291986,0.05348926589247774,35.77413463757341,11.987692309498723,1.99553323995051,0.2426398129773461,3.307474572657754,0.03736306041187076,0.014152800990080434,4500.0,0.03778633922256788,16.603223226765955,33.24423279275448
197.96717529513327,0.05499088202642591,35.65675168404044,12.065788675599716,2.0282098104351114,0.24924982992472888,3.1441622652098387,0.03551290852733472,0.014120051454509138,4500.0,0.03591512097763208,16.77028965387891,33.57649442873546
203.52475211835778,0.0565346533662105,35.54248443934633,12.141445408833489,2.0602611037238923,0.25580904809627786,2.9846918673612897,0.033706742542435324,0.014086627931939351,4500.0,0.03408839692907119,16.933426365283488,33.90094112749606
209.23834803969768,0.05812176334436047,35.431400763243644,12.214646725839032,2.0916476321834856,0.26230487873382574,2.829195845776349,0.031946041717859204,0.014052472184372765,4500.0,0.03230766297181563,17.092497977397827,34.217303617767485
215.11234301821673,0.05975342861617131,35.323562230346646,12.285381120840105,2.1223317757538456,0.2687248730593902,2.677798229468038,0.03023218760718854,0.014017520994549486,4500.0,0.030574316128674346,17.247377745849775,34.525329807828236
221.15123997254886,0.061430899992374687,35.21902370672937,12.35364152339595,2.152277974666571,0.2750567952081013,2.5306138475783064,0.028566455609462665,0.013981705932246903,4500.0,0.028889646003758335,17.39794834492445,34.82478633585267
227.35966823277175,0.06315546339799215,35.11783317148097,12.419425226277651,2.1814528994354525,0.2812887028059103,2.3877478195954653,0.02695000945842459,0.013944953162296806,4500.0,0.027254829209565425,17.54410238862247,35.11545960645452
233.7423870891815,0.06492844085810598,35.02003142554081,12.482733931088717,2.2098256207194145,0.2874090226510485,2.249294942769723,0.025383894507243245,0.013907183250960888,4500.0,0.02567092259107257,17.685743056929226,35.397157036449535
240.30428944069695,0.06675119151130471,34.925651898971545,12.54357371325485,2.2373677610838,0.29340662668978074,2.1153391955108205,0.023869032396205348,0.013868311003158655,4500.0,0.02413885782649858,17.82278460331154,35.669708064449594
247.05040554568254,0.06862511265157849,34.83472040527763,12.601955046894622,2.264053643566432,0.2992709042612947,1.9859531985036467,0.0224062152016195,0.01382824531555996,4500.0,0.02265943552350102,17.955152905503898,35.9329652465313
253.98590687807265,0.07055164079946463,34.74725505482924,12.657892702726619,2.2898604094512223,0.30499183299290467,1.861197868474219,0.020996101821795718,0.013786889082540263,4500.0,0.021233321569491124,18.082785819100177,36.18680495976986
261.11611009174595,0.07253225280326277,34.66326604485602,12.711405770860601,2.314768140806226,0.3105600434771239,1.7411219562134468,0.01963921301825276,0.013744139118416708,4500.0,0.01986104211820018,18.205633649579905,36.431128341278026
268.44648109619624,0.07456846697116562,34.58275559337549,12.762517573637313,2.338759952231903,0.31596688075527124,1.625761765777047,0.01833592852302017,0.013699886144524378,4500.0,0.018542980676264177,18.32365943892737,36.66586185853101
275.982639246618,0.07666184423517167,34.50571789847021,12.811255577555896,2.3618220645387162,0.32120445943514997,1.515140929891393,0.017086484780885806,0.013654014830714888,4500.0,0.017279375825648834,18.436839194719585,36.89095776526483
283.73036165162114,0.07881398934767254,34.43213908537199,12.857651333961796,2.383943868131877,0.32626571253429515,1.4092701960628216,0.015890972793534144,0.013606403891801178,4500.0,0.016070319047326764,18.54516210825274,37.10639453555282
291.6955876018796,0.08102655211163322,34.361997238252194,12.901740368882809,2.40511795937001,0.3311444334949487,1.308147338155843,0.01474933737418301,0.013556926264062602,4500.0,0.014915753976047462,18.648630644278086,37.312177042532234
299.88442312310275,0.08330122864530631,34.29526246240254,12.943562068909467,2.4253401580778493,0.33583531061010535,1.2117571324645113,0.01366137711573934,0.013505449360537299,4500.0,0.01381547637412086,18.747260564733313,37.50833660584076
308.3031456568277,0.08563976268245214,34.231896991727,12.983159551352351,2.4446095034788953,0.3403339534417197,1.1200714167801253,0.012626745277821034,0.013451835415970427,4500.0,0.012769135034219233,18.84108086754009,37.69493087011441
316.9582088726115,0.08804394690905876,34.171855340589666,13.020579519930736,2.462928228581418,0.3446369108981408,1.033049232140453,0.011644951586249841,0.013395941928994197,4500.0,0.011776233604626082,18.9301336407879,37.872043515180444
325.8562476153226,0.09051562433758961,34.115084501454106,13.05587210507803,2.4803017127399887,0.34874168072783474,0.9506370494668869,0.010715364967997645,0.013337622208946763,4500.0,0.010836133360054189,19.014473830044338,38.03978379344875
335.0040829913133,0.09305668971980925,34.061524188638174,13.089090688610888,2.4967384124491057,0.35264671030178946,0.8727690816185754,0.009837217225921272,0.013276726033592012,4500.0,0.009948056922350292,19.094168918247785,38.19828589341793
344.4087275973823,0.09566909099927287,34.011107125642646,13.120291714329396,2.512249771258626,0.3563513887692977,0.7993676772668744,0.009009607612172099,0.013213100421962255,4500.0,0.009111092888780854,19.169298521858437,38.347708136605654
354.077390896527,0.09835483080459083,33.96375938964501,13.149534474306432,2.5268501058507713,0.35985603019774715,0.7303438139268551,0.008231508496038195,0.01314659052861852,4500.0,0.00832420156755025,19.239953885529165,38.488231972625876
364.01748474461414,0.10111596798461504,33.91940078914325,13.17688088774747,2.5405564744631564,0.36316184864609274,0.6655976580425697,0.007501771760394987,0.013077040655178859,4500.0,0.007586221449508619,19.306237308140577,38.62006083773065
374.23662907219807,0.10395461918672169,33.877945272308125,13.202395272570907,2.553388529318251,0.36627092580268894,0.6050191867602988,0.006819135871053891,0.013004295376320444,4500.0,0.006895876357676615,19.368261505682877,38.743418887723415
384.74265772585056,0.10687296047940294,33.83930141652334,13.226144073487484,2.5653683406168417,0.36918616937230964,0.5484889379495319,0.006182234372498286,0.012928200788175205,4500.0,0.00625178404149317,19.42614884289653,38.858549469834536
395.5436244734702,0.10987322902040839,33.80337289907381,13.248195615393835,2.5765202186248577,0.3719112669074731,0.49587875248129737,0.005589604268787431,0.01284860584781304,4500.0,0.005652464651987023,19.480030572798345,38.96571361024866
406.6478091781858,0.11295772477171828,33.77005905731028,13.268619805322967,2.586870506496137,0.37445063087059527,0.4470526528902487,0.0050396959295844115,0.012765363817820669,4500.0,0.005096350760493338,19.530045936650083,39.065188224060655
418.0637241455758,0.11612881226265995,33.73925543365416,13.287487853760116,2.5964473722920736,0.3768093402936315,0.4018677145507095,0.004530882890218755,0.012678333776411938,4500.0,0.004581797267972758,19.576341271562917,39.1572643403938
429.8001206490799,0.11938892240252219,33.71085437094418,13.30487196878179,2.605280583689969,0.37899307658404036,0.3601750162753494,0.004061472534414412,0.012587382189740773,4500.0,0.004107092208086366,19.61906903684064,39.242245165889344
441.86599563859414,0.12274055434405393,33.684745621104966,13.320845046895064,2.613401276139259,0.381008055860687,0.32182061775863774,0.00362971706767351,0.01249238451482425,4500.0,0.0036704678429661784,19.658386812864126,39.32044409357121
454.2705986374043,0.12618627739927898,33.6608169713052,13.335480356194811,2.6208417142391585,0.38286095826080446,0.28664656735186206,0.0032338248232813803,0.012393226807949331,4500.0,0.0032701120949539613,19.69445626897018,39.3921826500353
467.0234388327335,0.12972873300909266,33.638954865269625,13.348851224879642,2.627635053648159,0.38455885620255037,0.25449190652135173,0.0028719715215480327,0.012289807305506387,4500.0,0.0029041799316445968,19.72744213476818,39.457788449467984
480.134292365345,0.1333706367681514,33.61904504836509,13.361030715277204,2.6338150959488127,0.38610914040887384,0.22519370954753412,0.0025423119250699267,0.012182037949529668,4500.0,0.002570805149984402,19.75751113547611,39.51759307610218
493.6132098237917,0.1371147805066088,33.60097318337233,13.372091316376563,2.63941605269384,0.3875194475572509,0.19858808138123393,0.0022429910152953437,0.012069845817776741,4500.0,0.0022681116772659926,19.784830970156655,39.571930051990556
507.4705239490466,0.1409640344302907,33.58462548197896,13.382104624838135,2.6444723060049835,0.3887975871778938,0.17451117604686903,0.0019721554018728056,0.01195317442919722,4500.0,0.001994225107326549,19.809569269062962,39.62113276323323
521.7168575554349,0.14492134932095413,33.5698892956483,13.391141049424242,2.6490181830043555,0.38995147192307544,0.15280015368253527,0.0017279640394310765,0.011831984885259633,4500.0,0.0017472835355917692,19.83189261390541,39.6655325113464
536.363131673924,0.14898975879831222,33.55665369410046,13.399269519933712,2.6530877361990024,0.39098904976679755,0.133294115187086,0.0015085986924581732,0.011706256819741518,4500.0,0.0015254481403391255,19.851965581208603,39.705456610557526
551.4205739240302,0.15317238164556396,33.54481001151051,13.406557212572617,2.656714536140838,0.3919182397760055,0.11583498494337116,0.0013122738169374427,0.011575989126226848,4500.0,0.0013269131738418256,19.86994983898785,39.741226591149534
566.9007271207433,0.1574724242002065,33.534252356333056,13.413069293715617,2.6599314779354066,0.39274687201590214,0.10026833480552437,0.0011372457817976369,0.011441200440207727,4500.0,0.0011499152860382901,19.886003303734658,39.77315652275536
582.8154581230846,0.16189318281196793,33.5248780793799,13.418868684972391,2.6627706034724,0.3934826321752894,0.0864441409146537,0.0009818213353359688,0.01130192935826027,4500.0,0.0009927420848277664,19.900279366355146,39.80155147479513
599.1769669310619,0.1664380463697394,33.51658819583586,13.424015851949623,2.665262940850407,0.39413301136408235,0.074217466640584,0.0008443652410554094,0.011158234383813519,4500.0,0.0008537398565654048,19.912926193926207,39.82670612770899
615.9977960380169,0.17111049889944913,33.509287757225884,13.42856861901875,2.66743836229738,0.3947052614579632,0.06344906560879546,0.0007233070148514462,0.01101019359674104,4500.0,0.0007313203778289228,19.92408611345001,39.84890354727786
633.2908400455115,0.1759141222348643,33.502886172420546,13.432582010630984,2.669325460864259,0.39520635608418336,0.05400590343844021,0.0006171467472364325,0.010857904051038923,4500.0,0.0006239668023460625,19.933895079009165,39.86841412482069
651.0693555481462,0.18085259876337395,33.49729746844731,13.436108124883791,2.6709514487319295,0.39564295793695425,0.045761584759112066,0.0005244598596659556,0.01070148091817163,4500.0,0.0005302384698350314,19.94248223604144,39.885494710552734
669.3469712958661,0.18592971424885169,33.49244049849827,13.439196034971069,2.6723420747160476,0.39602139181459683,0.03859669654649556,0.0004439009188245812,0.010541056393996218,4500.0,0.00044877476242271327,19.949969571426482,39.90038791761541
688.137698641567,0.19114936073376862,33.48823909112239,13.441891722408423,2.673521562714128,0.39634762375504,0.032399059298895715,0.0003742064130220429,0.010376778401242008,4500.0,0.0003782979116682874,19.956471658023393,39.91332161395848
707.4559422819879,0.1965155395227744,33.4846221430615,13.444238040794636,2.6745125701611028,0.39662724598274834,0.02706389005698341,0.00031419653608952714,0.01020880912261596,4500.0,0.0003176148019001848,19.962095489530636,39.924508593863195
727.3165113001454,0.2020323642500404,33.48152365623989,13.446274710096993,2.675336166150235,0.39686546751287566,0.02249387846964701,0.0002627759923542509,0.010037323406282442,4500.0,0.00026561778368323685,19.966940404396254,39.93414642657621
747.7346305177588,0.20770406403271077,33.478882724310814,13.448038338509345,2.6760118273145532,0.3970671098652779,0.018599184348921306,0.0002189339177383748,0.009862507083752994,4500.0,0.00022128459363199632,19.97109809010418,39.94241746480202
768.7259521663728,0.21353498671288135,33.476643466278894,13.449562473699512,2.676557452065222,0.3972366079563644,0.015297353553646635,0.00018174288228556872,0.009684555253241868,4500.0,0.00018367734519765224,19.97465267101385,39.94948901937293
790.3065678861348,0.21952960219059298,33.47475491654749,13.450877678115136,2.676989390028755,0.39737801530861905,0.012513166467974741,0.00015035713490275056,0.009503670567022074,4500.0,0.00015194075324028865,19.977680865125084,39.95551367100344
812.4930210614048,0.22569250585039022,33.47317087421221,13.452011626955354,2.6773224856005586,0.3974950132318795,0.010178423714348126,0.0001240101431281868,0.009320061567002595,4500.0,0.0001252996457577136,19.980252204977987,39.96062970960176
835.3023195026778,0.23202842208407717,33.471849715587375,13.452989226685215,2.677570134179667,0.39759092354774733,0.008231675421604651,0.00010201149985531089,0.00913394110994141,4500.0,0.00010305583541482164,19.982429316181406,39.96496168819826
858.751948484517,0.23854220791236583,33.470754177108354,13.453832750052207,2.6777443486523134,0.3976687241871241,0.006617904993764045,8.374332069838435e-05,0.008945524912514786,4500.0,8.458447602767839e-05,19.984268242345216,39.968621069166495
882.859884149515,0.24523885670819862,33.46985111093107,13.454561986435206,2.6778558352498223,0.39773106738390496,0.005288171164743849,6.865617539528995e-05,0.008755030251854362,4500.0,6.932994783642241e-05,19.98581881250839,39.97170695496466
907.6446072885357,0.2521235020245932,33.4691112255844,13.45519440030668,2.6779140747091055,0.39778029939980936,0.004199226899876582,5.626476220900276e-05,0.008562674824742192,4500.0,5.680148289788177e-05,19.987125032078502,39.97430686563993
933.1251175078249,0.25920142152995135,33.46850880956672,13.455745299246326,2.677927409309123,0.39781848187782043,0.0033131122986832504,4.614329414155565e-05,0.008368675797260798,4500.0,4.6568499146817634e-05,19.988225500158997,39.976497568817166
959.3209477938241,0.26647804105384004,33.46802144813304,13.456228005499145,2.6779031324192593,0.39784741394854883,0.0025967368541616894,3.792076990174513e-05,0.008173249038018807,4500.0,3.825581789698482e-05,19.989153837568246,39.978345930954426
986.2521794868784,0.27395893874635513,33.46762973688991,13.456654029031068,2.6778475793275813,0.39786865475143485,0.002021456595538165,3.1276192000174044e-05,0.007976608536619231,4500.0,3.1538827664950785e-05,19.989939119896402,39.9799097786205
1013.9394576752917,0.2816498493542477,33.467316998300994,13.457033238522897,2.677766217332638,0.39788354584346036,0.0015626552742091116,2.5933834399856718e-05,0.007778965993309907,4500.0,2.6138698745420885e-05,19.99060630624756,39.9812387511939
1042.404007021557,0.28955666861709917,33.467069002861166,13.457374029325567,2.6776637344906207,0.3978932333226407,0.001199332298296244,2.1658591545427532e-05,0.007580530573572358,4500.0,2.1817679247470276e-05,19.991176660905563,39.98237513949041
1071.6676480328633,0.29768545778690647,33.46687370002503,13.45768348539324,2.677544125346838,0.3978986892348782,0.0009137050113404011,1.8251492148043756e-05,0.007381508803437462,4500.0,1.8374558636069566e-05,19.991668160182662,39.98335469492399
1101.7528137883874,0.30604244827455207,33.46672096412859,13.457967532105533,2.677410771939752,0.3979007318261219,0.0006908331115228575,1.5545466164431568e-05,0.007182104575471985,4500.0,1.5640386740223304e-05,19.992095876508326,39.98420739340342
1132.6825671361537,0.31463404642670934,33.46660235287571,13.458231081472292,2.6772665208329745,0.3979000448190073,0.0005182616617867061,1.340132483732387e-05,0.006982519257596385,4500.0,1.3474408404288993e-05,19.9924723433956,39.984958161199636
1164.4806183726866,0.3234668384368574,33.46651088365419,13.458478166594789,2.677113754468871,0.3978971952821448,0.0003856904869081782,1.170404005959411e-05,0.006782951866419506,4500.0,1.1760301054202144e-05,19.992807893353785,39.98562754700865
1197.171343418967,0.33254759539415746,33.46644082925421,13.458712064467777,2.676954456319038,0.3978926499589754,0.00028467229600692603,1.035934961722094e-05,0.006583599279331691,4500.0,1.0402741549537294e-05,19.99311096638172,39.986232335505015
1230.7798025066645,0.34188327847407346,33.46638753207601,13.45893540768269,2.676790270118009,0.3978867901232788,0.00020833817703632738,9.290672214586248e-06,0.006384656466126704,4500.0,9.324286519390283e-06,19.99338839044633,39.986786105179206
1265.3317593889428,0.35148104427470633,33.46634723577592,13.459150285679437,2.676622553503546,0.39787992504108693,0.00015114891001488697,8.436314810757842e-06,0.0061863167203506575,4500.0,8.462548171102118e-06,19.993645635554884,39.98729973365795
1300.8537010905707,0.36134825030293627,33.46631693950559,13.459358332459557,2.6764524244087413,0.3978723036261053,0.00010867970175790124,7.747055907022905e-06,0.005988771857662075,4500.0,7.767750506154816e-06,19.993887033682395,39.987781835115314
1337.3728582124963,0.3714924606145823,33.46629426729401,13.459560805243239,2.676280802581218,0.3978641248815203,7.74273298208184e-05,7.18398331006688e-06,0.00579221238060495,4500.0,7.200542669264016e-06,19.994115975811823,39.98823915216634
1374.917225806419,0.3819214516128942,33.46627735385192,13.459758653311349,2.6761084458131856,0.39785554702353804,5.464158040853383e-05,6.716603379004332e-06,0.005596827589289574,4500.0,6.730086596998773e-06,19.994335084188556,39.98867689846373
1413.5155848353957,0.39264321800983215,33.46626475164636,13.459952574093505,2.675935979355391,0.39784669490473723,3.818810326943438e-05,6.3213071492218264e-06,0.005402805622316848,4500.0,6.332506575662798e-06,19.99454635250892,39.98909903752443
1453.1975242368953,0.40366597895469314,33.466255346171096,13.460143064408348,2.6757639226469965,0.3978376667735467,2.6423414352629472e-05,5.979961327178573e-06,0.005210333437883348,4500.0,5.989464884320786e-06,19.994751273769786,39.98950853700447
1493.9934636052578,0.41499818433479385,33.46624828872372,13.460330461221185,2.6755927104218373,0.39782853963325676,1.8095738687721297e-05,5.678816026600383e-06,0.005019596703865735,4500.0,5.687053754085913e-06,19.994950941735897,39.98990757052557
1535.934676510897,0.42664852125302694,33.466242940426454,13.46051497565829,2.675422710215544,0.3978193736997087,1.2262462338799853e-05,5.407565359602299e-06,0.004830779651391828,4500.0,5.4148505268438455e-06,19.995146135518617,39.99029768588777
1579.0533144741757,0.438625920687271,33.466238824445476,13.460696722208862,2.6752542371488603,0.3978102161968022,8.219670954463703e-06,5.158563080587003e-06,0.004644064768492034,4500.0,5.165121636714474e-06,19.995337391924068,39.990679948969785
1623.3824316122782,0.4509395643367439,33.46623558970027,13.460875740971634,2.675087565093061,0.39780110423502385,5.448684404859137e-06,4.926229364947241e-06,0.004459632547781707,4500.0,4.932222495896813e-06,19.995525060364187,39.99105505295088
1668.956009978025,0.46359889166056245,33.46623298000227,13.461052016774449,2.6749229359744273,0.39779206724885374,3.5705759568186613e-06,4.706538983413502e-06,0.004277661046369765,4500.0,4.712080845657584e-06,19.995709349806077,39.99142341169301
1715.8089856100048,0.4766136071138902,33.46623081127398,13.461225493337958,2.674760566595086,0.39778312879297056,2.312611705907687e-06,4.496646943560126e-06,0.004098325519294389,4500.0,4.501817915652009e-06,19.995890363452375,39.99178522872268
1763.9772753140453,0.4899936875872348,33.46622895235446,13.461396085459397,2.6746006541438527,0.39777430804228625,1.4799842492433273e-06,4.294572567428798e-06,0.00392179785875799,4500.0,4.299428968994638e-06,19.996068128203692,39.99214055583636
1813.4978041964953,0.503749390054582,33.46622731096148,13.461563688255795,2.6744433799114433,0.3977656208712744,9.351478205882836e-07,4.098968238913723e-06,0.003748245840873083,4500.0,4.10354946583066e-06,19.996242616541835,39.99248933663314
1864.408533970487,0.5178912594362464,33.46622582394616,13.4617281830155,2.674288912405452,0.39775708063287935,5.834675445960305e-07,3.908959424806767e-06,0.0035778331931343955,4500.0,3.9132932922555355e-06,19.99641376113484,39.99283143556298
1916.748492056815,0.5324301366824485,33.466224448007694,13.461889443836835,2.674137409310919,0.39774869884454433,3.595629694016543e-07,3.7239915260635866e-06,0.003410718555821507,4500.0,3.728097908181608e-06,19.99658146984001,39.993166667777935
1970.5578015018004,0.5473771670838334,33.466223153652564,13.462047342739488,2.6739890180153325,0.39774048559260455,2.184342911818073e-07,3.5437293854234786e-06,0.003247053982806266,4500.0,3.547622740731369e-06,19.996745636279012,39.99349482018077
2025.877711735017,0.5627438088152825,33.466221922203786,13.462201749852317,2.6738438780881437,0.3977324498557513,1.3104197369058752e-07,3.368009849201595e-06,0.003086986638377314,4500.0,3.371701201303121e-06,19.996906142656833,39.99381565701487
2082.750630190514,0.5785418417195872,33.46622074119744,13.462352539290782,2.6737021198030946,0.3977245997086753,7.75694451015978e-08,3.1967634671989623e-06,0.0029306555929878688,4500.0,3.2002615432681347e-06,19.99706286986079,39.99412893998313
2141.2201548157295,0.5947833763377026,33.46621960292924,13.462499589420359,2.67356386518041,0.39771694246998757,4.5278090851449614e-08,3.029991217825881e-06,0.002778192469779246,4500.0,3.0333033147044424e-06,19.99721569900583,39.994434431314986
2201.3311074930302,0.6114808631925084,33.466218502855995,13.462642783684128,2.6734292286231733,0.3977094848367005,2.615452584903617e-08,2.8677385901754227e-06,0.002629721595648141,4500.0,2.8708711576902766e-06,19.99736451368831,39.994731898247785
2263.1295683995295,0.6286471023332026,33.46621743819448,13.462782015374946,2.6732983136419293,0.3977022327886487,1.4894569127928778e-08,2.7100687216532268e-06,0.0024853559198659047,4500.0,2.7130276812144874e-06,19.997509206137394,39.99502112530248
2326.662911331458,0.6462952531476273,33.46621640765135,13.462917182409397,2.6731712180453036,0.39769519189394575,8.445541992385564e-09,2.5570634214276816e-06,0.002345202627929204,4500.0,2.5598544406412223e-06,19.997649672056895,39.995301903968254
2391.97984002024,0.6644388444500666,33.46621541051775,13.463048195692819,2.673048026820826,0.3976883669686018,4.7630707775428384e-09,2.4088005422558075e-06,0.002209355003895527,4500.0,2.411429142343142e-06,19.99778582005158,39.995574051532316
2459.130425468044,0.6830917848522344,33.466214446644805,13.463174973122802,2.6729288178370894,0.3976817623952972,2.7077326906981643e-09,2.2653596091643475e-06,0.0020778986911517685,4500.0,2.267831267846115e-06,19.99791756545847,39.99583739874822
2528.1661443315006,0.7022683734254168,33.4662135160852,13.463297444661752,2.6728136573574575,0.3976753818955888,1.572680082471847e-09,2.126811136559108e-06,0.0019509066366582269,4500.0,2.1291313279571446e-06,19.99804483589643,39.9960918009242
2599.139918382933,0.7219833106619259,33.466212619013035,13.463415551056398,2.6727026013243957,0.39766922860616216,9.510973630570846e-10,1.993216615758002e-06,0.0018284404753190352,4500.0,1.9953908315157515e-06,19.998167570014367,39.99633713541958
2672.106155079435,0.7422517097442876,33.46621175564543,13.46352924338531,2.672595695857892,0.3976633051113576,6.153201427089101e-10,1.864627790220259e-06,0.0017105510510341943,4500.0,1.8666615519458307e-06,19.998285717092532,39.996573300846634
2747.1207892708117,0.763089108130781,33.46621092615792,13.463638486576937,2.6724929739984753,0.3976576132666625,4.314822667333065e-10,1.7410817607223233e-06,0.0015972748059035514,4500.0,1.742980612421274e-06,19.99839924074847,39.99680022447757
2824.2413260784356,0.7845114794662321,33.46621013069356,13.463743255533338,2.672394459370828,0.39765215440226365,3.295198809693707e-10,1.6226050525461294e-06,0.0014886378118491438,4500.0,1.6243745567778167e-06,19.99850811492725,39.99701785422908
2903.526884977814,0.8065352458271705,33.46620936931892,13.463843538009101,2.672300163496143,0.3976469291758257,2.7042883629103294e-10,1.5092100381335533e-06,0.001384652799837762,4500.0,1.5108557647089512e-06,19.998612326912163,39.99722616468011
2985.0382451187324,0.829177290310759,33.46620864201122,13.463939335142237,2.6722100853008053,0.3976419375457274,2.333158294402958e-10,1.4008941832671063e-06,0.0012853186148921241,4500.0,1.4024216943144405e-06,19.998711877884148,39.99742515819
3068.837891917642,0.8524549699771228,33.46620794867127,13.464030659061535,2.6721242133712044,0.39763717889598016,2.076541055948146e-10,1.2976426823322867e-06,0.00119062270008499,4500.0,1.2990575203488576e-06,19.99880678044029,39.99761485993812
3154.9900649580886,0.8763861291550246,33.46620728911052,13.464117534121554,2.6720425247955335,0.3976326519723856,1.8800720604606813e-10,1.1994270210549758e-06,0.001100539818329885,4500.0,1.200734695244868e-06,19.99889705988018,39.997795320495065
3243.5608072358114,0.9009891131210587,33.46620666303212,13.464199999176024,2.671964983027466,0.39762835476437985,1.7157494904915918e-10,1.1062023646032223e-06,0.0010150296962159115,4500.0,1.1074083324531285e-06,19.998982756569742,39.99796662054783
3334.618015786363,0.9262827821628785,33.4662060700742,13.464278101780774,2.671891543338336,0.39762428480668177,1.5707658663775457e-10,1.0179141137096456e-06,0.000934043035115143,4500.0,1.0190237714786416e-06,19.999063919918154,39.99812885886009
3428.2314937339706,0.9522865260372141,33.46620550976869,13.464351903532544,2.671822147797147,0.39762043890161053,1.438529474900068e-10,9.344918661802482e-07,0.0008575159760673881,4500.0,9.355105316406996e-07,19.999140613925913,39.99828216336237
3524.473003801584,0.9790202788337734,33.46620498156296,13.464421477200256,2.67175672796844,0.39761681326833337,1.3159863412732095e-10,8.558526442690174e-07,0.0007853730742803198,4500.0,8.56785542685594e-07,19.99921291420416,39.998426685193884
3623.4163233231498,1.0065045342564305,33.466204484832346,13.46448690505349,2.6716952064842223,0.39761340362992703,1.2016806664272196e-10,7.819027934577777e-07,0.0007175290324305109,4500.0,7.827550467559273e-07,19.99928090623779,39.998562595230645
3725.1373008002097,1.0347603613333916,33.46620401886468,13.464548280894961,2.671637495132716,0.39761020510762923,1.0948446992802155e-10,7.125356842950488e-07,0.0006538865933114453,4500.0,7.13312296752038e-07,19.99934468749745,39.99869008830722
3829.713914046281,1.0638094205684114,33.466203582871195,13.464605708617972,2.6715834962148683,0.3976072122959471,9.950416154175996e-11,6.47633335593045e-07,0.0005943380356006019,4500.0,6.483391814809809e-07,19.999404365940606,39.998809380220415
3937.226329963479,1.093673980545411,33.466203176002175,13.464659300147208,2.671533104480678,0.39760441936992735,9.019702683967424e-11,5.87068744503389e-07,0.0005387673090880507,4500.0,5.877085584572103e-07,19.99946005787164,39.99892070345186
4047.7569659973224,1.1243769349992563,33.466202797346355,13.464709175512086,2.671486207060137,0.3976018200814122,8.153769470083213e-11,5.307058051502276e-07,0.0004870499586783173,4500.0,5.312841725524467e-07,19.999511888018034,39.99902430732026
4161.390553316707,1.1559418203657519,33.46620244591819,13.46475546452652,2.6714426818836636,0.3975994076716093,7.35019676110207e-11,4.783974024551296e-07,0.00043905138272192114,4500.0,4.789187472588609e-07,19.999559991275856,39.99912046147047
4278.214201767617,1.1883928338243381,33.46620212070172,13.464798301013595,2.67140240311275,0.39759717517192095,6.606591671041611e-11,4.299919381879665e-07,0.00039463282146919465,4500.0,4.304605182449508e-07,19.999604506708234,39.99920944387701
4398.317466650224,1.2217548518472843,33.466201820629536,13.464837825569566,2.6713652385408033,0.39759511526008595,5.920480874759349e-11,3.8533020982576293e-07,0.00035364849118256465,4500.0,3.8575010881590014e-07,19.99964558041752,39.99929154658516
4521.792417370702,1.2560534492696396,33.46620154458953,13.46487418467812,2.6713310504259824,0.3975932203063628,5.289320329299994e-11,3.442464022257105e-07,0.00031594650261191726,4500.0,3.446215223962314e-07,19.999683364624797,39.999367073871134
4648.733708020257,1.2913149188945159,33.466201291450794,13.464907527299196,2.6712996986987063,0.397591482551289,4.7105274603166226e-11,3.0657194214437563e-07,0.0002813723981287153,4500.0,3.069060013774297e-07,19.999718014125047,39.99943633515612
4779.2386499356,1.3275662916487778,33.46620106005777,13.46493800564259,2.6712710402341613,0.39758989406546635,4.181447497172744e-11,2.7213462137930784e-07,0.00024976834967189976,4500.0,2.724311494542742e-07,19.99974968709097,39.9994996466131
4913.407286296362,1.364835357304545,33.46620084923694,13.464965774280168,2.671244929687005,0.3975884467958751,3.699391851267163e-11,2.407595972508652e-07,0.00022097407934279755,4500.0,2.410219329712675e-07,19.99977854415036,39.99955732932266
5051.342468816766,1.403150685782435,33.46620065780501,13.46499098907212,2.6712212205009824,0.3975871326218735,3.261687149799776e-11,2.122705999928886e-07,0.0001948279728695299,4500.0,2.1250188961258482e-07,19.99980474727025,39.9996097070424
5193.149936590212,1.4425416490528367,33.466200484590274,13.465013804353218,2.671199767554625,0.39758594350187343,2.865623822552563e-11,1.8649311169681267e-07,0.00017116999729130744,4500.0,1.8669631104653055e-07,19.999828456832855,39.999657100362036
5338.938397147355,1.4830384436520432,33.46620032841581,13.46503437514346,2.6711804250825053,0.3975848713582173,2.508518944443029e-11,1.6325186518728994e-07,0.00014983940875453586,4500.0,1.6342973882718694e-07,19.99984983393278,39.99969983129532
5488.819609789672,1.5246721138304644,33.46620018811978,13.46505285447686,2.6711630491869425,0.3975839082164111,2.1877309726887843e-11,1.4237385769453225e-07,0.00013067752240256172,4500.0,1.4252898140847854e-07,19.999869037601105,39.999738217731206
5642.908471262536,1.5674745753507044,33.46620006256797,13.465069391748019,2.671147499392657,0.39758304629133995,1.900651644739244e-11,1.236902174672531e-07,0.00011352942690792283,4500.0,1.2382498285680114e-07,19.99988622308711,39.999772569999216
5801.323103833379,1.6114786399537164,33.46619995064888,13.465084133362131,2.6711336380355304,0.39758227795344675,1.644726798253171e-11,1.0703546750311616e-07,9.824331052609015e-05,4500.0,1.071520857168251e-07,19.9999015425337,39.999803192219495
5964.1849458424595,1.6567180405117943,33.466199851272684,13.465097222867088,2.6711213301383347,0.39758159572188256,1.417505545830462e-11,9.224737208328404e-08,8.467032412741691e-05,4500.0,9.234787733832533e-08,19.999915145114674,39.999830382577244
6131.618844795775,1.7032274568877153,33.46619976340417,13.465108796617754,2.671110447487572,0.397580992490495,1.2165872105451542e-11,7.917183450583698e-08,7.266907709639797e-05,4500.0,7.925809303288976e-08,19.999927172529034,39.99985442431618
6303.753153071275,1.7510425425197986,33.46619968603582,13.465118987320734,2.671100865300304,0.3975804613431334,1.0396713046246374e-11,6.76588904582657e-08,6.210196168485555e-05,4500.0,6.773260500538338e-08,19.999937762684645,39.99987559310192
6480.719826311971,1.8001999517533251,33.466199618205124,13.465127921755213,2.671092464367201,0.3975799956724504,8.845780275066876e-12,5.7565280215321204e-08,5.2837516360776154e-05,4500.0,5.762799736199218e-08,19.99994704732974,39.999894152287496
6662.654524581149,1.850737367939208,33.46619955900552,13.465135719331407,2.6710851324080096,0.3975795892550586,7.492156332194864e-12,4.875607645610275e-08,4.4751920641675626e-05,4500.0,4.8809195726510644e-08,19.99995515055482,39.99991034991885
6849.696716357447,1.902693532321513,33.4661995075753,13.465142493549015,2.671078762700135,0.3975792361755437,6.315923791605912e-12,4.110303550628084e-08,3.7727482779358937e-05,4500.0,4.114781665962647e-08,19.999962190308278,39.99992442176438
7041.989785449288,1.9561082737359134,33.466199463101596,13.465148351477659,2.6710732545671814,0.3975789308535577,5.299191374790356e-12,3.4485182201846634e-08,3.165317854179626e-05,4500.0,3.452275314849623e-08,19.99996827785645,39.99993659023566
7239.681140910877,2.0110225391419103,33.46619942483617,13.465153391672384,2.671068515338964,0.3975786681524782,4.4241461382964906e-12,2.879116487402459e-08,2.6426812716339143e-05,4500.0,2.8822532191719657e-08,19.99997351561739,39.99994706005733
7442.922330043758,2.067478425012155,33.466199392069974,13.465157707525522,2.6710644571997664,0.39757844320472435,3.674895469317733e-12,2.391546735345483e-08,2.1951543448901024e-05,4500.0,2.3941522633602135e-08,19.999978000644113,39.999956025229764
7651.869154570825,2.125519209603007,33.46619936415905,13.465161383859368,2.671061000392212,0.3975782515893548,3.03679454792124e-12,1.9762257395341896e-08,1.8139415440421624e-05,4500.0,1.9783787807381732e-08,19.999981821083704,39.99996366195121
7866.681790071582,2.185189386130995,33.46619934051095,13.465164498709566,2.671058071540352,0.39757808923912796,2.4957357037147752e-12,1.6243372156731146e-08,1.4909510694479595e-05,4500.0,1.626106880847557e-08,19.999985058030592,39.999970132322275
8087.524908770457,2.2465346968806825,33.46619932057853,13.465167124141354,2.6710556028821446,0.39757795239796473,2.0402575110866135e-12,1.3277394630046582e-08,1.2187102124299601e-05,4500.0,1.3291859914878945e-08,19.999987786374806,39.99997558604149
8314.567805772063,2.3096021682700174,33.46619930387735,13.465169323964751,2.67105353441785,0.3975778377400407,1.658232096612387e-12,1.079223538511231e-08,9.906022776040192e-06,4500.0,1.0803993154946572e-08,19.999990072427558,39.99998015565913
8547.984528840414,2.374440146900115,33.466199289957025,13.465171157504512,2.6710518103651637,0.397577742173297,1.3400341214163172e-12,8.72087271890518e-09,8.004756616364855e-06,4500.0,8.730373798201897e-09,19.99999197783902,39.99998396440843
8787.954011821319,2.441098336617033,33.466199278428604,13.46517267598965,2.671050382554118,0.3975776630276255,1.0764495554107062e-12,7.0054313298957705e-09,6.430182384541812e-06,4500.0,7.013063490763226e-09,19.99999355584627,39.99998711870562
9034.660211810535,2.509627836614037,33.46619926893306,13.465173926710643,2.6710492065180986,0.3975775978381934,8.59213626142463e-13,5.592486030044373e-09,5.133262824810495e-06,4500.0,5.5985788338760876e-09,19.999994855593474,39.99998971678554
9288.292250172499,2.580081180603472,33.46619926116659,13.465174949685688,2.6710482446285253,0.39757754451920385,6.816697244505592e-13,4.436827165962656e-09,4.0725015757478664e-06,4500.0,4.4416609214282035e-09,19.99999591866748,39.99999184177663
9549.044557518078,2.652512377088355,33.46619925484941,13.46517578176236,2.6710474622381124,0.39757750115011387,5.371742557018649e-13,3.4968276237662294e-09,3.209690009111042e-06,4500.0,3.5006372829772256e-09,19.999996783360213,39.99999357022108
9817.117022752194,2.7269769507644983,33.46619924974976,13.465176453471551,2.6710468306390753,0.39757746613961265,4.206434515498901e-13,2.7379959929614302e-09,2.5131695049470136e-06,4500.0,2.7409789348752915e-09,19.999997481399326,39.999994965539635
10092.715146305718,2.8035319850849216,33.46619924565458,13.46517699287396,2.6710463234463124,0.3975774380251376,3.2696384165348716e-13,2.1286320120519034e-09,1.953842870541194e-06,4500.0,2.1309510746769276e-09,19.999998041945446,39.99999608602185
10376.050197669118,2.8822361660191995,33.466199242396456,13.465177422023773,2.6710459199225722,0.3975774156571935,2.5165291612975613e-13,1.643820702610966e-09,1.5088412946451502e-06,4500.0,1.6456115835764424e-09,19.999998487917246,39.999996977480116
10667.339377348571,2.9631498270412697,33.46619923981538,13.465177761994187,2.671045600253009,0.39757739793741403,1.9569224912344238e-13,1.259755665645934e-09,1.1563131884098285e-06,4500.0,1.2611281218391175e-09,19.99999884121396,39.99999768368905
10966.805983368675,3.0463349953801875,33.466199237792154,13.465178028485928,2.6710453496744577,0.3975773840474565,1.3046523914021797e-13,9.586996647524878e-10,8.799778890172611e-07,4500.0,9.59744133819638e-10,19.999999118151763,39.99999823726328
11274.679582449473,3.131855439569298,33.466199236212226,13.465178236591413,2.671045153995679,0.39757737320067565,1.2792271344455966e-13,7.236025519960899e-10,6.641854713098005e-07,4500.0,7.243908914356396e-10,19.999999334414635,39.99999866955366
11591.196185988858,3.2197767183302384,33.466199234991485,13.465178397373194,2.67104500281483,0.3975773648204906,-2.0587716970815635e-14,5.41968583273835e-10,4.974648482835411e-07,4500.0,5.425590306845474e-10,19.99999950149887,39.99999900354031
11916.598430985588,3.31016623082933,33.46619923405658,13.465178520494154,2.671044887046007,0.3975773584032544,-2.818433893283081e-13,4.0287815100791093e-10,3.697961940057849e-07,4500.0,4.0331707995486797e-10,19.999999629446123,39.99999925929556
12251.135766041178,3.4030932683447714,33.46619923334235,13.46517861449301,2.671044798660679,0.397577353503954,-1.1609711187682409e-12,2.9669243779045826e-10,2.723256146089366e-07,4500.0,2.970156498320136e-10,19.999999727130067,39.99999945455715
12595.06464258359,3.4986290673843303,33.46619923280403,13.465178685195353,2.671044732181609,0.39757734981901255,-3.4707411954086275e-12,2.1682678933750364e-10,1.9901268100662567e-07,4500.0,2.1706299856052887e-10,19.999999800605128,39.99999960142733
12948.648711459049,3.5968468642941804,33.46619923240146,13.465178738070945,2.671044682464419,0.39757734706318204,-5.16141149902324e-12,1.5709049300208405e-10,1.441847113781069e-07,4500.0,1.5726163203575126e-10,19.999999855554325,39.999999711265914
13312.159025043076,3.6978219514008543,33.46619923209859,13.465178777532202,2.671044645362436,0.39757734500676506,-9.993981759778598e-12,1.1252543577101179e-10,1.0326791967254917e-07,4500.0,1.1264796965447098e-10,19.99999989656513,39.99999979324291
13685.874245025178,3.801631734729216,33.46619923187531,13.465178806240996,2.6710446183726813,0.39757734351101404,-1.7876150307983173e-11,8.010880584151997e-11,7.350206847872649e-08,4500.0,8.019602018008608e-11,19.99999992640373,39.999999852887655
14070.080856026865,3.908355793340796,33.46619923171397,13.465178827182285,2.6710445986839533,0.3975773424197838,-2.1344056127318796e-11,5.6410092522156415e-11,5.178874394285302e-08,4500.0,5.647175297908427e-11,19.999999948167943,39.99999989639237
14465.073385216472,4.0180759403379085,33.46619923159914,13.465178842309632,2.6710445844598993,0.3975773416313211,-2.132008314303936e-11,3.933882071431426e-11,3.6102617777882146e-08,4500.0,3.938156602900848e-11,19.99999996388821,39.99999992781581
14871.154628089538,4.1308762855804275,33.466199231517365,13.4651788530832,2.671044574329648,0.3975773410697846,-2.1303009757053893e-11,2.7161300099349536e-11,2.4931091626820844e-08,4500.0,2.7190854668052247e-11,19.999999975084087,39.99999995019537
15288.635880587295,4.246843300163137,33.46619923145942,13.46517886071628,2.671044567152358,0.39757734067193556,-2.1290913258297724e-11,1.8538268018813832e-11,1.701605744895225e-08,4500.0,1.8558480475074728e-11,19.999999983016366,39.99999996605129
15717.837177731612,4.366065882703225,33.46619923141923,13.465178866011062,2.671044562173744,0.3975773403959628,-2.128252237620672e-11,1.2556748892149195e-11,1.152569867279374e-08,4500.0,1.2570434113465405e-11,19.999999988518688,39.999999977049946
16159.087538959191,4.488635427488664,33.46619923139114,13.465178869712746,2.6710445586930955,0.39757734020302476,-2.1276656142021258e-11,8.374956344854986e-12,7.687278575665047e-09,4500.0,8.38408498851602e-12,19.999999992365467,39.99999998473932
16612.72522034293,4.614645894539703,33.46619923137196,13.465178872239292,2.671044556317416,0.3975773400713369,-2.127265220610596e-11,5.520718665364718e-12,5.067405652407062e-09,4500.0,5.52673817560353e-12,19.99999999499105,39.99999998998762
17079.09797389427,4.7441938816372975,33.46619923135919,13.465178873920735,2.671044554736378,0.3975773399836974,-2.1269987548190936e-11,3.6211958136461023e-12,3.3238549875145972e-09,4500.0,3.6251457998661298e-12,19.9999999967384,39.999999993480415
17558.56331414467,4.877378698373519,33.46619923135056,13.46517887505805,2.6710445536669734,0.3975773399244185,-2.1268185189747617e-11,2.3363701091586364e-12,2.1445278980102435e-09,4500.0,2.3389203274114323e-12,19.99999999792029,39.99999999584292
18051.4887922111,5.0143024422808615,33.46619923134487,13.465178875806863,2.671044552962874,0.3975773398853891,-2.1266998510072853e-11,1.4904359656567837e-12,1.368054443090342e-09,4500.0,1.492064575620501e-12,19.99999999869846,39.99999999739841
18558.252277555188,5.155070077098664,33.466199231341164,13.465178876295667,2.6710445525032585,0.39757733985991184,-2.1266223881287116e-11,9.382356096689192e-13,8.611959348851628e-10,4500.0,9.392626200470722e-13,19.99999999920642,39.99999999841378
19079.24224765265,5.299789513236847,33.46619923133878,13.465178876609906,2.6710445522077837,0.3975773398435332,-2.126572589283548e-11,5.8324053949719e-13,5.353499446715635e-10,4500.0,5.838807976458517e-13,19.999999999532974,39.99999999906653
19614.858085794294,5.448571690498415,33.466199231337264,13.465178876808846,2.671044552020722,0.39757733983316407,-2.1265410621177906e-11,3.5849660451146835e-13,3.2906000939137554e-10,4500.0,3.588920135676059e-13,19.999999999739714,39.99999999947979
20165.510387247487,5.601530663124302,33.466199231336304,13.46517887693572,2.6710445519014243,0.3975773398265512,-2.1265209558699055e-11,2.1516760050595343e-13,1.974999253976317e-10,4500.0,2.1540685862460834e-13,19.999999999871566,39.99999999974334
20731.621274012312,5.758783687225642,33.46619923133572,13.465178877011944,2.671044551829751,0.39757733982257826,-2.1265088761715054e-11,1.2905649960999344e-13,1.1845951242432106e-10,4500.0,1.2920194329647016e-13,19.999999999950777,39.999999999901675
21313.624718414376,5.92045131067066,33.46619923133537,13.465178877058884,2.6710445517856147,0.3975773398201317,-2.1265014374745894e-11,7.602915079059574e-14,6.978630413948629e-11,4500.0,7.611682340492084e-14,19.999999999999552,39.99999999999918
21911.966875781472,6.086657465494853,33.46619923133515,13.465178877087261,2.6710445517589307,0.3975773398186525,-2.1264969401815754e-11,4.396983608664009e-14,4.0359419017171155e-11,4500.0,4.402258142230751e-14,20.000000000029047,40.00000000005814
22527.106426459828,6.257529562905508,33.46619923133503,13.465178877103874,2.671044551743311,0.39757733981778676,-2.126494284367369e-11,2.5203763128329747e-14,2.3134251366487188e-11,4500.0,2.5236063620689894e-14,20.000000000046306,40.00000000009264
23159.514927431544,6.433198590953207,33.466199231334954,13.465178877113786,2.6710445517339916,0.3975773398172701,-2.1264925311956746e-11,1.4006892833970699e-14,1.2856780151381544e-11,4500.0,1.4026994849803739e-14,20.00000000005661,40.00000000011323
23809.677173803582,6.613799214945439,33.46619923133491,13.465178877119293,2.671044551728813,0.39757733981698307,-2.1264902186154792e-11,7.785198863209593e-15,7.1459876455101426e-12,4500.0,7.798522690943146e-15,20.00000000006233,40.00000000012467
24478.0915704444,6.799469880679,33.46619923133489,13.465178877122385,2.671044551725905,0.3975773398168219,-2.1264882391612e-11,4.29197280859249e-15,3.939584539377569e-12,4500.0,4.301490814713147e-15,20.000000000065544,40.00000000013109
25165.27051405389,6.990352920570524,33.466199231334876,13.465178877124213,2.6710445517241865,0.39757733981672666,-2.1264831849286988e-11,2.2270300435897177e-15,2.044263444604976e-12,4500.0,2.2342985767838708e-15,20.000000000067445,40.00000000013489
25871.74078595924,7.186594662766455,33.46619923133487,13.465178877125169,2.6710445517232886,0.3975773398166768,-2.126472031034057e-11,1.1481679679513725e-15,1.0541207084115935e-12,4500.0,1.1542614579456992e-15,20.000000000068436,40.00000000013687
26598.043955937585,7.388345543315996,33.46619923133486,13.46517887712563,2.6710445517228547,0.3975773398166528,-2.1264525109375453e-11,6.262434541922903e-16,5.751849723001976e-13,4500.0,6.317684039704736e-16,20.000000000068916,40.00000000013783
27344.736797375797,7.595760221493277,33.46619923133486,13.465178877125906,2.671044551722594,0.39757733981663834,-2.1264336122521154e-11,3.132981505123844e-16,2.880995974466306e-13,4500.0,3.202495761917684e-16,20.000000000069203,40.00000000013841
28112.391714084613,7.808997698356837,33.46619923133486,13.465178877126032,2.671044551722475,0.39757733981663174,-2.1263942533857976e-11,1.69414072769033e-16,1.5707542822707596e-13,4500.0,1.8303473070494777e-16,20.000000000069335,40.00000000013867
28901.597179095115,8.028221438637532,33.466199231334855,13.46517887712636,2.6710445517221673,0.39757733981661464,-2.126336293723276e-11,-2.0094035487351262e-16,-1.8249383346295396e-13,4500.0,-1.8506219206249796e-16,20.000000000069672,40.00000000013934
29712.958185773343,8.253599496048151,33.466199231334855,13.46517887712655,2.671044551721986,0.39757733981660465,-2.1263164006893307e-11,-4.177597878799868e-16,-3.8179157727575106e-13,4500.0,-3.6982738377151586e-13,20.00000000007024,40.00000000014011
30547.09671159968,8.485304642111021,33.466199231334855,13.46517887712655,2.671044551721986,0.39757733981660465,-2.1263164006893307e-11,-4.1775974579981725e-16,-3.8179157727575106e-13,4500.0,-5.500089541224459e-13,20.00000000007042,40.0000000001403
31404.65219496749,8.72351449860208,33.466199231334855,13.46517887712655,2.671044551721986,0.39757733981660465,-2.1263164006893307e-11,-4.1775974579981725e-16,-3.8179157727575106e-13,4500.0,-5.46525850164533e-13,20.000000000070415,40.00000000014029
32286.282025367334,8.968411673713149,33.466199231334855,13.46517887712655,2.671044551721986,0.39757733981660465,-2.1263164006893307e-11,-4.1775974579981725e-16,-3.8179157727575106e-13,4500.0,-5.429449642495833e-13,20.00000000007041,40.00000000014029
33192.6620473319,9.220183902036638,33.466199231334855,13.46517887712655,2.671044551721986,0.39757733981660465,-2.1263164006893307e-11,-4.1775974579981725e-16,-3.8179157727575106e-13,4500.0,-5.392635513228305e-13,20.000000000070408,40.00000000014028
34124.487078528895,9.479024188480249,33.466199231334855,13.46517887712655,2.671044551721986,0.39757733981660465,-2.1263164006893307e-11,-4.1775974579981725e-16,-3.8179157727575106e-13,4500.0,-5.354787892669713e-13,20.000000000070408,40.00000000014028
35082.47144239789,9.745130956221635,33.466199231334855,13.46517887712655,2.671044551721986,0.39757733981660465,-2.1263164006893307e-11,-4.1775974579981725e-16,-3.8179157727575106e-13,4500.0,-5.315877767387713e-13,20.000000000070404,40.000000000140275
36067.349515740316,10.018708198816755,33.466199231334855,13.46517887712655,2.671044551721986,0.39757733981660465,-2.1263164006893307e-11,-4.1775974579981725e-16,-3.8179157727575106e-13,4500.0,-5.275875309449383e-13,20.000000000070397,40.000000000140275
37079.87629168172,10.299965636578255,33.466199231334855,13.46517887712655,2.671044551721986,0.39757733981660465,-2.1263164006893307e-11,-4.1775974579981725e-16,-3.8179157727575106e-13,4500.0,-5.234749853555567e-13,20.000000000070393,40.00000000014027
38120.82795843888,10.589118877344134,33.466199231334855,13.46517887712655,2.671044551721986,0.39757733981660465,-2.1263164006893307e-11,-4.1775974579981725e-16,-3.8179157727575106e-13,4500.0,-5.192469873533298e-13,20.00000000007039,40.00000000014027
39191.00249433402,10.886389581759449,33.466199231334855,13.46517887712655,2.671044551721986,0.39757733981660465,-2.1263164006893307e-11,-4.1775974579981725e-16,-3.8179157727575106e-13,4500.0,-5.149002958168299e-13,20.000000000070386,40.00000000014026
40291.220279513516,11.1920056331982,33.466199231334855,13.46517887712655,2.671044551721986,0.39757733981660465,-2.1263164006893307e-11,-4.1775974579981725e-16,-3.8179157727575106e-13,4500.0,-5.104315786359019e-13,20.00000000007038,40.000000000140254
41422.32472483898,11.506201312455273,33.466199231334855,13.46517887712655,2.671044551721986,0.39757733981660465,-2.1263164006893307e-11,-4.1775974579981725e-16,-3.8179157727575106e-13,4500.0,-5.058374101573171e-13,20.000000000070376,40.000000000140254
42585.18291843415,11.82921747734282,33.466199231334855,13.46517887712655,2.671044551721986,0.39757733981660465,-2.1263164006893307e-11,-4.1775974579981725e-16,-3.8179157727575106e-13,4500.0,-5.011142685587163e-13,20.000000000070372,40.00000000014025
43780.686290381665,12.16130174732824,33.466199231334855,13.46517887712655,2.671044551721986,0.39757733981660465,-2.1263164006893307e-11,-4.1775974579981725e-16,-3.8179157727575106e-13,4500.0,-4.962585331488331e-13,20.000000000070365,40.00000000014024
45009.751296080416,12.502708693355672,33.466199231334855,13.46517887712655,2.671044551721986,0.39757733981660465,-2.1263164006893307e-11,-4.1775974579981725e-16,-3.8179157727575106e-13,4500.0,-4.912664815919249e-13,20.00000000007036,40.00000000014023
46273.320118786934,12.85370003299637,33.466199231334855,13.46517887712655,2.671044551721986,0.39757733981660465,-2.1263164006893307e-11,-4.1775974579981725e-16,-3.8179157727575106e-13,4500.0,-4.861342870542839e-13,20.000000000070354,40.00000000014023
47572.3613918789,13.214544831077472,33.466199231334855,13.46517887712655,2.671044551721986,0.39757733981660465,-2.1263164006893307e-11,-4.1775974579981725e-16,-3.8179157727575106e-13,4500.0,-4.808580152706446e-13,20.00000000007035,40.000000000140226
48907.8709413959,13.585519705943305,33.466199231334855,13.46517887712655,2.671044551721986,0.39757733981660465,-2.1263164006893307e-11,-4.1775974579981725e-16,-3.8179157727575106e-13,4500.0,-4.754336215282307e-13,20.000000000070344,40.00000000014022
50280.87254942475,13.966909041506874,33.466199231334855,13.46517887712655,2.671044551721986,0.39757733981660465,-2.1263164006893307e-11,-4.1775974579981725e-16,-3.8179157727575106e-13,4500.0,-4.698569475661393e-13,20.00000000007034,40.00000000014022
51692.418738916036,14.359005205254455,33.466199231334855,13.46517887712655,2.671044551721986,0.39757733981660465,-2.1263164006893307e-11,-4.1775974579981725e-16,-3.8179157727575106e-13,4500.0,-4.64123718387678e-13,20.000000000070333,40.00000000014022
53143.59158053241,14.762108772370114,33.466199231334855,13.46517887712655,2.671044551721986,0.39757733981660465,-2.1263164006893307e-11,-4.1775974579981725e-16,-3.8179157727575106e-13,4500.0,-4.582295389832165e-13,20.000000000070326,40.00000000014021
54635.503522148756,15.176528756152432,33.466199231334855,13.46517887712655,2.671044551721986,0.39757733981660465,-2.1263164006893307e-11,-4.1775974579981725e-16,-3.8179157727575106e-13,4500.0,-4.5216989096103417e-13,20.000000000070322,40.000000000140204
56169.29824163804,15.602582844899455,33.466199231334855,13.46517887712655,2.671044551721986,0.39757733981660465,-2.1263164006893307e-11,-4.1775974579981725e-16,-3.8179157727575106e-13,4500.0,-4.459401290835889e-13,20.000000000070315,40.0000000001402
57746.15152359826,16.04059764544396,33.466199231334855,13.46517887712655,2.671044551721986,0.39757733981660465,-2.1263164006893307e-11,-4.1775974579981725e-16,-3.8179157727575106e-13,4500.0,-4.3953547770654473e-13,20.000000000070308,40.00000000014019
59367.27216069126,16.49090893352535,33.466199231334855,13.46517887712655,2.671044551721986,0.39757733981660465,-2.1263164006893307e-11,-4.1775974579981725e-16,-3.8179157727575106e-13,4500.0,-4.3295102711783463e-13,20.0000000000703,40.00000000014018
61033.90288028621,16.953861911190614,33.466199231334855,13.46517887712655,2.671044551721986,0.39757733981660465,-2.1263164006893307e-11,-4.1775974579981725e-16,-3.8179157727575106e-13,4500.0,-4.2618172977394436e-13,20.000000000070294,40.000000000140176
62747.32129711575,17.42981147142104,33.466199231334855,13.46517887712655,2.671044551721986,0.39757733981660465,-2.1263164006893307e-11,-4.1775974579981725e-16,-3.8179157727575106e-13,4500.0,-4.1922239643054135e-13,20.000000000070287,40.00000000014017
64508.84089267699,17.919122470188054,33.466199231334855,13.46517887712655,2.671044551721986,0.39757733981660465,-2.1263164006893307e-11,-4.1775974579981725e-16,-3.8179157727575106e-13,4500.0,-4.120676921644749e-13,20.00000000007028,40.00000000014016
66319.81202212676,18.422170006146324,33.466199231334855,13.46517887712655,2.671044551721986,0.39757733981660465,-2.1263164006893307e-11,-4.1775974579981725e-16,-3.8179157727575106e-13,4500.0,-4.0471213228410397e-13,20.000000000070273,40.000000000140155
68181.62294944479,18.93933970817911,33.466199231334855,13.46517887712655,2.671044551721986,0.39757733981660465,-2.1263164006893307e-11,-4.1775974579981725e-16,-3.8179157727575106e-13,4500.0,-3.9715007812481024e-13,20.000000000070266,40.00000000014015
70095.70091165618,19.471028031015607,33.466199231334855,13.46517887712655,2.671044551721986,0.39757733981660465,-2.1263164006893307e-11,-4.1775974579981725e-16,-3.8179157727575106e-13,4500.0,-3.8937573272648136e-13,20.00000000007026,40.00000000014014
72063.51321293045,20.017642559147347,33.466199231334855,13.46517887712655,2.671044551721986,0.39757733981660465,-2.1263164006893307e-11,-4.1775974579981725e-16,-3.8179157727575106e-13,4500.0,-3.813831363896469e-13,20.00000000007025,40.00000000014013
74086.56834939567,20.579602319276578,33.466199231334855,13.46517887712655,2.671044551721986,0.39757733981660465,-2.1263164006893307e-11,-4.1775974579981725e-16,-3.8179157727575106e-13,4500.0,-3.7316616210685805e-13,20.000000000070244,40.00000000014012
76166.41716552892,21.157338101535814,33.466199231334855,13.46517887712655,2.671044551721986,0.39757733981660465,-2.1263164006893307e-11,-4.1775974579981725e-16,-3.8179157727575106e-13,4500.0,-3.6471851086581663e-13,20.000000000070234,40.00000000014011
78304.65404301183,21.751292789725508,33.466199231334855,13.46517887712655,2.671044551721986,0.39757733981660465,-2.1263164006893307e-11,-4.1775974579981725e-16,-3.8179157727575106e-13,4500.0,-3.560337068206404e-13,20.000000000070226,40.000000000140105
80502.91812295973,22.361921700822148,33.466199231334855,13.46517887712655,2.671044551721986,0.39757733981660465,-2.1263164006893307e-11,-4.1775974579981725e-16,-3.8179157727575106e-13,4500.0,-3.4710509232757667e-13,20.000000000070216,40.0000000001401
82762.89456246352,22.989692934017647,33.466199231334855,13.46517887712655,2.671044551721986,0.39757733981660465,-2.1263164006893307e-11,-4.1775974579981725e-16,-3.8179157727575106e-13,4500.0,-3.379258228413491e-13,20.00000000007021,40.00000000014008
85086.31582640581,23.63508772955717,33.466199231334855,13.46517887712655,2.671044551721986,0.39757733981660465,-2.1263164006893307e-11,-4.1775974579981725e-16,-3.8179157727575106e-13,4500.0,-3.2848886166823147e-13,20.000000000070198,40.000000000140076
87474.96301554416,24.298600837651154,33.466199231334855,13.46517887712655,2.671044551721986,0.39757733981660465,-2.1263164006893307e-11,-4.1775974579981725e-16,-3.8179157727575106e-13,4500.0,-3.187869745718177e-13,20.000000000070187,40.00000000014007
89930.66723187614,24.980740897743374,33.466199231334855,13.46517887712655,2.671044551721986,0.39757733981660465,-2.1263164006893307e-11,-4.1775974579981725e-16,-3.8179157727575106e-13,4500.0,-3.088127242273646e-13,20.000000000070177,40.000000000140055
92455.3109823358,25.68203082842661,33.466199231334855,13.46517887712655,2.671044551721986,0.39757733981660465,-2.1263164006893307e-11,-4.1775974579981725e-16,-3.8179157727575106e-13,4500.0,-2.985584645204458e-13,20.000000000070166,40.00000000014005
95050.82962189511,26.4030082283042,33.466199231334855,13.46517887712655,2.671044551721986,0.39757733981660465,-2.1263164006893307e-11,-4.1775974579981725e-16,-3.8179157727575106e-13,4500.0,-2.8801633468555565e-13,20.000000000070155,40.000000000140034
97719.21283717996,27.144225788105544,33.466199231334855,13.46517887712655,2.671044551721986,0.39757733981660465,-2.1263164006893307e-11,-4.1775974579981725e-16,-3.8179157727575106e-13,4500.0,-2.7717825328015663e-13,20.000000000070145,40.00000000014003
100462.50617173403,27.906251714370562,33.466199231334855,13.46517887712655,2.671044551721986,0.39757733981660465,-2.1263164006893307e-11,-4.1775974579981725e-16,-3.8179157727575106e-13,4500.0,-2.6603591198956666e-13,20.000000000070134,40.00000000014001
103282.81259410296,28.6896701650286,33.466199231334855,13.46517887712655,2.671044551721986,0.39757733981660465,-2.1263164006893307e-11,-4.1775974579981725e-16,-3.8179157727575106e-13,4500.0,-2.545807692579252e-13,20.000000000070123,40.00000000014
106182.29410993846,29.49508169720513,33.466199231334855,13.46517887712655,2.671044551721986,0.39757733981660465,-2.1263164006893307e-11,-4.1775974579981725e-16,-3.8179157727575106e-13,4500.0,-2.428040437403644e-13,20.000000000070113,40.000000000139984
109163.17341936147,30.323103727600408,33.466199231334855,13.46517887712655,2.671044551721986,0.39757733981660465,-2.1263164006893307e-11,-4.1775974579981725e-16,-3.8179157727575106e-13,4500.0,-2.3069670757135487e-13,20.000000000070102,40.00000000013998
112227.73562085071,31.174371005791865,33.466199231334855,13.46517887712655,2.671044551721986,0.39757733981660465,-2.1263164006893307e-11,-4.1775974579981725e-16,-3.8179157727575106e-13,4500.0,-2.1824947944407715e-13,20.00000000007009,40.00000000013996
115378.32996296596,32.04953610082388,33.466199231334855,13.46517887712655,2.671044551721986,0.39757733981660465,-2.1263164006893307e-11,-4.1775974579981725e-16,-3.8179157727575106e-13,4500.0,-2.0545281749550857e-13,20.000000000070077,40.00000000013995
118617.37164524791,32.949269901457754,33.466199231334855,13.46517887712655,2.671044551721986,0.39757733981660465,-2.1263164006893307e-11,-4.1775974579981725e-16,-3.8179157727575106e-13,4500.0,-1.9229691199176894e-13,20.000000000070063,40.000000000139934
121947.34366967384,33.874262130464956,33.466199231334855,13.46517887712655,2.671044551721986,0.39757733981660465,-2.1263164006893307e-11,-4.1775974579981725e-16,-3.8179157727575106e-13,4500.0,-1.787716778081261e-13,20.00000000007005,40.00000000013992
125370.79874409197,34.82522187335888,33.466199231334855,13.46517887712655,2.671044551721986,0.39757733981660465,-2.1263164006893307e-11,-4.1775974579981725e-16,-3.8179157727575106e-13,4500.0,-1.6486674669788106e-13,20.000000000070035,40.00000000013991
128890.36123908915,35.80287812196921,33.466199231334855,13.46517887712655,2.671044551721986,0.39757733981660465,-2.1263164006893307e-11,-4.1775974579981725e-16,-3.8179157727575106e-13,4500.0,-1.5057145934422538e-13,20.00000000007002,40.0000000001399
132508.72919979537,36.80798033327649,33.466199231334855,13.46517887712655,2.671044551721986,0.39757733981660465,-2.1263164006893307e-11,-4.1775974579981725e-16,-3.8179157727575106e-13,4500.0,-1.3587485718896292e-13,20.000000000070006,40.000000000139885
136228.67641416469,37.84129900393464,33.466199231334855,13.46517887712655,2.671044551721986,0.39757733981660465,-2.1263164006893307e-11,-4.1775974579981725e-16,-3.8179157727575106e-13,4500.0,-1.207656740318436e-13,20.000000000069992,40.00000000013987
140053.05453932198,38.90362626092277,33.466199231334855,13.46517887712655,2.671044551721986,0.39757733981660465,-2.1263164006893307e-11,-4.1775974579981725e-16,-3.8179157727575106e-13,4500.0,-1.0523232739405294e-13,20.000000000069974,40.00000000013985
143984.79528760066,39.99577646877796,33.466199231334855,13.46517887712655,2.671044551721986,0.39757733981660465,-2.1263164006893307e-11,-4.1775974579981725e-16,-3.8179157727575106e-13,4500.0,-8.926290963925732e-14,20.00000000006996,40.000000000139835
148026.912673951,41.11858685387528,33.466199231334855,13.46517887712655,2.671044551721986,0.39757733981660465,-2.1263164006893307e-11,-4.1775974579981725e-16,-3.8179157727575106e-13,4500.0,-7.284517884538152e-14,20.000000000069946,40.00000000013982
152182.5053264387,42.27291814623297,33.466199231334855,13.46517887712655,2.671044551721986,0.39757733981660465,-2.1263164006893307e-11,-4.1775974579981725e-16,-3.8179157727575106e-13,4500.0,-5.5966549420135646e-14,20.000000000069928,40.0000000001398
156454.7588616096,43.459655239335994,33.466199231334855,13.46517887712655,2.671044551721986,0.39757733981660465,-2.1263164006893307e-11,-4.1775974579981725e-16,-3.8179157727575106e-13,4500.0,-3.8614082453076527e-14,20.00000000006991,40.000000000139785
160846.94832653552,44.67970786848209,33.466199231334855,13.46517887712655,2.671044551721986,0.39757733981660465,-2.1263164006893307e-11,-4.1775974579981725e-16,-3.8179157727575106e-13,4500.0,-2.0774475796833447e-14,20.00000000006989,40.00000000013977
165362.4407094182,45.934011308171726,33.466199231334855,13.46517887712655,2.671044551721986,0.39757733981660465,-2.1263164006893307e-11,-4.1775974579981725e-16,-3.8179157727575106e-13,4500.0,-2.4340538698738926e-15,20.00000000006987,40.00000000013975
170004.69752067182,47.2235270890755,33.466199231334855,13.46517887712655,2.671044551721986,0.39757733981660465,-2.1263164006893307e-11,-4.1775972873940896e-16,-3.8179157727575106e-13,4500.0,-5.800268920147007e-14,20.00000000006993,40.000000000139806
174777.27744646807,48.54924373513002,33.466199231334855,13.46517887712655,2.671044551721986,0.39757733981660465,-2.1263164006893307e-11,-4.1775972494332913e-16,-3.8179157727575106e-13,4500.0,-5.517799470915192e-14,20.000000000069928,40.000000000139806
179683.83907677192,49.91217752132553,33.466199231334855,13.46517887712655,2.671044551721986,0.39757733981660465,-2.1263164006893307e-11,-4.1775972494332913e-16,-3.8179157727575106e-13,4500.0,-3.5249180112646085e-14,20.000000000069907,40.000000000139785
184728.1437099636,51.31337325276767,33.466199231334855,13.46517887712655,2.671044551721986,0.39757733981660465,-2.1263164006893307e-11,-4.1775972494332913e-16,-3.8179157727575106e-13,4500.0,-1.476089944328729e-14,20.000000000069885,40.00000000013977
189914.05823619355,52.75390506560932,33.466199231334855,13.46517887712655,2.671044551721986,0.39757733981660465,-2.1263164006893307e-11,-4.1775969551624025e-16,-3.8179157727575106e-13,4500.0,-1.220695014888944e-13,20.000000000069996,40.00000000013988
195245.5581016861,54.23487725046836,33.466199231334855,13.46517887712655,2.671044551721986,0.39757733981660465,-2.1263164006893307e-11,-4.1775969551624025e-16,-3.8179157727575106e-13,4500.0,-1.004147297064563e-13,20.000000000069974,40.000000000139856
200726.73035625683,55.757425098960226,33.466199231334855,13.46517887712655,2.671044551721986,0.39757733981660465,-2.1263164006893307e-11,-4.1775969551624025e-16,-3.8179157727575106e-13,4500.0,-7.81520386687636e-14,20.000000000069953,40.000000000139835
206361.77678638566,57.322715773996016,33.466199231334855,13.46517887712655,2.671044551721986,0.39757733981660465,-2.1263164006893307e-11,-4.1775969551624025e-16,-3.8179157727575106e-13,4500.0,-5.526436212249238e-14,20.000000000069928,40.00000000013981
212155.01713624524,58.93194920451256,33.466199231334855,13.46517887712655,2.671044551721986,0.39757733981660465,-2.1263164006893307e-11,-4.1775969551624025e-16,-3.8179157727575106e-13,4500.0,-3.173415470956757e-14,20.000000000069907,40.000000000139785
218110.892419152,60.58635900532,33.466199231334855,13.46517887712655,2.671044551721986,0.39757733981660465,-2.1263164006893307e-11,-4.1775969551624025e-16,-3.8179157727575106e-13,4500.0,-7.543378517154802e-15,20.000000000069882,40.000000000139764
224233.96832198452,62.287213422773476,33.466199231334855,13.46517887712655,2.671044551721986,0.39757733981660465,-2.1263164006893307e-11,-4.1775964321674874e-16,-3.8179157727575106e-13,4500.0,-2.1082358656258263e-13,20.000000000070088,40.00000000013997
230528.9387051706,64.03581630699183,33.466199231334855,13.46517887712655,2.671044551721986,0.39757733981660465,-2.1263164006893307e-11,-4.1775964321674874e-16,-3.8179157727575106e-13,4500.0,-1.852555193274333e-13,20.00000000007006,40.00000000013994
237000.62920093304,65.83350811137029,33.466199231334855,13.46517887712655,2.671044551721986,0.39757733981660465,-2.1263164006893307e-11,-4.1775964321674874e-16,-3.8179157727575106e-13,4500.0,-1.589696740178672e-13,20.00000000007003,40.00000000013992
243654.00091254662,67.68166692015184,33.466199231334855,13.46517887712655,2.671044551721986,0.39757733981660465,-2.1263164006893307e-11,-4.1775964321674874e-16,-3.8179157727575106e-13,4500.0,-1.3194590028934412e-13,20.000000000070003,40.0000000001399
250494.15421745024,69.58170950484728,33.466199231334855,13.46517887712655,2.671044551721986,0.39757733981660465,-2.1263164006893307e-11,-4.1775964321674874e-16,-3.8179157727575106e-13,4500.0,-1.0416348211218573e-13,20.000000000069974,40.00000000013987
257526.33267711988,71.53509241031108,33.466199231334855,13.46517887712655,2.671044551721986,0.39757733981660465,-2.1263164006893307e-11,-4.1775964321674874e-16,-3.8179157727575106e-13,4500.0,-7.560112189097725e-14,20.00000000006995,40.00000000013984
264755.9270567069,73.54331307130748,33.466199231334855,13.46517887712655,2.671044551721986,0.39757733981660465,-2.1263164006893307e-11,-4.1775964321674874e-16,-3.8179157727575106e-13,4500.0,-4.623692413813886e-14,20.00000000006992,40.00000000013981
272188.47945751797,75.60791096042166,33.466199231334855,13.46517887712655,2.671044551721986,0.39757733981660465,-2.1263164006893307e-11,-4.1775964321674874e-16,-3.8179157727575106e-13,4500.0,-1.6048378689173433e-14,20.00000000006989,40.00000000013978
279829.68756551156,77.73046876819765,33.466199231334855,13.46517887712655,2.671044551721986,0.39757733981660465,-2.1263164006893307e-11,-4.177596073948926e-16,-3.8179157727575106e-13,4500.0,-1.4128078374799096e-13,20.000000000070017,40.00000000013991
287685.40901905915,79.91261361640532,33.466199231334855,13.46517887712655,2.671044551721986,0.39757733981660465,-2.1263164006893307e-11,-4.177596073948926e-16,-3.8179157727575106e-13,4500.0,-1.093734669413234e-13,20.00000000006998,40.000000000139885
295761.6658993257,82.15601830536825,33.466199231334855,13.46517887712655,2.671044551721986,0.39757733981660465,-2.1263164006893307e-11,-4.177596073948926e-16,-3.8179157727575106e-13,4500.0,-7.657040888809766e-14,20.000000000069953,40.00000000013985
304064.64934670686,84.46240259630746,33.466199231334855,13.46517887712655,2.671044551721986,0.39757733981660465,-2.1263164006893307e-11,-4.177596073948926e-16,-3.8179157727575106e-13,4500.0,-4.284646324380954e-14,20.000000000069917,40.00000000013981
312600.72430687037,86.83353452968622,33.466199231334855,13.46517887712655,2.671044551721986,0.39757733981660465,-2.1263164006893307e-11,-4.177596073948926e-16,-3.8179157727575106e-13,4500.0,-8.175777724989404e-15,20.000000000069882,40.00000000013978
321376.4344100276,89.27123178056321,33.466199231334855,13.46517887712655,2.671044551721986,0.39757733981660465,-2.1263164006893307e-11,-4.1775956977109523e-16,-3.8179157727575106e-13,4500.0,-1.36660961198365e-13,20.00000000007001,40.00000000013991
330398.5069871855,91.77736305199598,33.466199231334855,13.46517887712655,2.671044551721986,0.39757733981660465,-2.1263164006893307e-11,-4.1775956977109523e-16,-3.8179157727575106e-13,4500.0,-1.0001631567798124e-13,20.000000000069974,40.00000000013987
339673.85822722095,94.35384950756138,33.466199231334855,13.46517887712655,2.671044551721986,0.39757733981660465,-2.1263164006893307e-11,-4.1775956977109523e-16,-3.8179157727575106e-13,4500.0,-6.234293682169853e-14,20.00000000006994,40.000000000139835
349209.59847872716,97.00266624409088,33.466199231334855,13.46517887712655,2.671044551721986,0.39757733981660465,-2.1263164006893307e-11,-4.1775956977109523e-16,-3.8179157727575106e-13,4500.0,-2.3611944768320955e-14,20.0000000000699,40.00000000013979
359013.03770070686,99.72584380575191,33.466199231334855,13.46517887712655,2.671044551721986,0.39757733981660465,-2.1263164006893307e-11,-4.177595373027027e-16,-3.8179157727575106e-13,4500.0,-1.254330166608048e-13,20.000000000069996,40.0000000001399
369091.69106627745,102.52546974063263,33.466199231334855,13.46517887712655,2.671044551721986,0.39757733981660465,-2.1263164006893307e-11,-4.177595373027027e-16,-3.8179157727575106e-13,4500.0,-8.449689286601039e-14,20.000000000069956,40.00000000013985
379453.2847236942,105.40369020102617,33.466199231334855,13.46517887712655,2.671044551721986,0.39757733981660465,-2.1263164006893307e-11,-4.177595373027027e-16,-3.8179157727575106e-13,4500.0,-4.241156010515355e-14,20.00000000006991,40.000000000139806
390105.7617190993,108.36271158863869,33.466199231334855,13.46517887712655,2.671044551721986,0.39757733981660465,-2.1263164006893307e-11,-4.1775953602686807e-16,-3.8179157727575106e-13,4500.0,-4.710428010983858e-15,20.000000000069875,40.00000000013977
401057.2880855496,111.404802245986,33.466199231334855,13.46517887712655,2.671044551721986,0.39757733981660465,-2.1263164006893307e-11,-4.177595262800671e-16,-3.8179157727575106e-13,4500.0,-2.748206194418617e-15,20.00000000006988,40.00000000013978
412316.25910297484,114.5322941952708,33.466199231334855,13.46517887712655,2.671044551721986,0.39757733981660465,-2.1263164006893307e-11,-4.177595040953136e-16,-3.8179157727575106e-13,4500.0,-5.379628387244562e-14,20.000000000069928,40.000000000139835
423891.3057338783,117.7475849260773,33.466199231334855,13.46517887712655,2.671044551721986,0.39757733981660465,-2.1263164006893307e-11,-4.177595040953136e-16,-3.8179157727575106e-13,4500.0,-6.7823104152531694e-15,20.000000000069882,40.000000000139785
435791.30123970297,121.05313923325082,33.466199231334855,13.46517887712655,2.671044551721986,0.39757733981660465,-2.1263164006893307e-11,-4.1775947462698717e-16,-3.8179157727575106e-13,4500.0,-8.700045159195887e-14,20.00000000006996,40.00000000013987
448025.36798294896,124.4514911063747,33.466199231334855,13.46517887712655,2.671044551721986,0.39757733981660465,-2.1263164006893307e-11,-4.1775947462698717e-16,-3.8179157727575106e-13,4500.0,-3.730975854499731e-14,20.000000000069914,40.00000000013982
460602.88442023983,127.94524567228885,33.466199231334855,13.46517887712655,2.671044551721986,0.39757733981660465,-2.1263164006893307e-11,-4.1775946137078644e-16,-3.8179157727575106e-13,4500.0,-4.405263239757817e-14,20.000000000069917,40.00000000013983
473533.4922917121,131.53708119214224,33.466199231334855,13.46517887712655,2.671044551721986,0.39757733981660465,-2.1263164006893307e-11,-4.177594592775354e-16,-3.8179157727575106e-13,4500.0,-6.643722336903991e-16,20.00000000006988,40.000000000139785
486827.1040122284,135.22975111450788,33.466199231334855,13.46517887712655,2.671044551721986,0.39757733981660465,-2.1263164006893307e-11,-4.1775942670565524e-16,-3.8179157727575106e-13,4500.0,-8.876098116783744e-14,20.000000000069967,40.00000000013987
500493.91027009534,139.0260861861376,33.466199231334855,13.46517887712655,2.671044551721986,0.39757733981660465,-2.1263164006893307e-11,-4.1775942670565524e-16,-3.8179157727575106e-13,4500.0,-3.3250978734110675e-14,20.000000000069917,40.00000000013981
514544.38783909247,142.92899662197013,33.466199231334855,13.46517887712655,2.671044551721986,0.39757733981660465,-2.1263164006893307e-11,-4.1775927181579287e-16,-3.8179157727575106e-13,4500.0,-6.518705994893098e-13,20.00000000007054,40.00000000014043
528989.3076098146,146.9414743360596,33.466199231334855,13.46517887712655,2.671044551721986,0.39757733981660465,-2.1263164006893307e-11,-4.1775927181579287e-16,-3.8179157727575106e-13,4500.0,-5.932001598490137e-13,20.00000000007048,40.00000000014037
543839.7428464801,151.06659523513335,33.466199231334855,13.46517887712655,2.671044551721986,0.39757733981660465,-2.1263164006893307e-11,-4.1775927181579287e-16,-3.8179157727575106e-13,4500.0,-5.328826518244363e-13,20.000000000070415,40.00000000014031
559107.0776755293,155.30752157653592,33.466199231334855,13.46517887712655,2.671044551721986,0.39757733981660465,-2.1263164006893307e-11,-4.1775927181579287e-16,-3.8179157727575106e-13,4500.0,-4.708718368961692e-13,20.000000000070354,40.00000000014024
574803.0158125351,159.66750439237086,33.466199231334855,13.46517887712655,2.671044551721986,0.39757733981660465,-2.1263164006893307e-11,-4.1775927181579287e-16,-3.8179157727575106e-13,4500.0,-4.0712017848048727e-13,20.00000000007029,40.00000000014018
590939.5895340964,164.14988598169344,33.466199231334855,13.46517887712655,2.671044551721986,0.39757733981660465,-2.1263164006893307e-11,-4.1775927181579287e-16,-3.8179157727575106e-13,4500.0,-3.4157880548851336e-13,20.000000000070226,40.00000000014012
607529.1689016077,168.7581024726688,33.466199231334855,13.46517887712655,2.671044551721986,0.39757733981660465,-2.1263164006893307e-11,-4.1775927181579287e-16,-3.8179157727575106e-13,4500.0,-2.741974748623485e-13,20.00000000007016,40.00000000014005
624584.4712439618,173.49568645665607,33.466199231334855,13.46517887712655,2.671044551721986,0.39757733981660465,-2.1263164006893307e-11,-4.1775927181579287e-16,-3.8179157727575106e-13,4500.0,-2.049245330594993e-13,20.00000000007009,40.00000000013998
642118.5709064758,178.36626969624328,33.466199231334855,13.46517887712655,2.671044551721986,0.39757733981660465,-2.1263164006893307e-11,-4.1775927181579287e-16,-3.8179157727575106e-13,4500.0,-1.337068764559968e-13,20.000000000070017,40.00000000013991
660144.9092734883,183.3735859093023,33.466199231334855,13.46517887712655,2.671044551721986,0.39757733981660465,-2.1263164006893307e-11,-4.1775927181579287e-16,-3.8179157727575106e-13,4500.0,-6.048991063795456e-14,20.000000000069946,40.000000000139835
678677.3050723302,188.52147363120284,33.466199231334855,13.46517887712655,2.671044551721986,0.39757733981660465,-2.1263164006893307e-11,-4.177592354182589e-16,-3.8179157727575106e-13,4500.0,-1.4399727245758954e-13,20.000000000070028,40.00000000013992
697729.9649665538,193.81387915737608,33.466199231334855,13.46517887712655,2.671044551721986,0.39757733981660465,-2.1263164006893307e-11,-4.177592354182589e-16,-3.8179157727575106e-13,4500.0,-6.661173137782637e-14,20.000000000069953,40.00000000013985
717317.4944465612,199.25485956848922,33.466199231334855,13.46517887712655,2.671044551721986,0.39757733981660465,-2.1263164006893307e-11,-4.1775914339088657e-16,-3.8179157727575106e-13,4500.0,-3.885118177328918e-13,20.000000000070276,40.00000000014017
737454.9090259547,204.84858584054297,33.466199231334855,13.46517887712655,2.671044551721986,0.39757733981660465,-2.1263164006893307e-11,-4.1775914339088657e-16,-3.8179157727575106e-13,4500.0,-3.0672036541990756e-13,20.000000000070195,40.00000000014008
758157.6457522118,210.59934604228104,33.466199231334855,13.46517887712655,2.671044551721986,0.39757733981660465,-2.1263164006893307e-11,-4.1775914339088657e-16,-3.8179157727575106e-13,4500.0,-2.226327633586842e-13,20.00000000007011,40.00000000014
779441.5750404951,216.51154862235975,33.466199231334855,13.46517887712655,2.671044551721986,0.39757733981660465,-2.1263164006893307e-11,-4.1775914339088657e-16,-3.8179157727575106e-13,4500.0,-1.361845512234017e-13,20.000000000070028,40.00000000013991
801323.0128396887,222.5897257888024,33.466199231334855,13.46517887712655,2.671044551721986,0.39757733981660465,-2.1263164006893307e-11,-4.1775914339088657e-16,-3.8179157727575106e-13,4500.0,-4.7309459079068354e-14,20.00000000006994,40.00000000013982
823818.7331399601,228.83853698332226,33.466199231334855,13.46517887712655,2.671044551721986,0.39757733981660465,-2.1263164006893307e-11,-4.1775902598289725e-16,-3.8179157727575106e-13,4500.0,-4.681172651088254e-13,20.000000000070358,40.00000000014023
846945.9808314594,235.26277245318317,33.466199231334855,13.46517887712655,2.671044551721986,0.39757733981660465,-2.1263164006893307e-11,-4.1775902598289725e-16,-3.8179157727575106e-13,4500.0,-3.7418210927082e-13,20.000000000070262,40.00000000014014
870722.4849239922,241.86735692333116,33.466199231334855,13.46517887712655,2.671044551721986,0.39757733981660465,-2.1263164006893307e-11,-4.1775902598289725e-16,-3.8179157727575106e-13,4500.0,-2.776098907773952e-13,20.000000000070166,40.00000000014004
895166.4721378301,248.65735337161948,33.466199231334855,13.46517887712655,2.671044551721986,0.39757733981660465,-2.1263164006893307e-11,-4.1775902598289725e-16,-3.8179157727575106e-13,4500.0,-1.7832657877836182e-13,20.00000000007007,40.00000000013994
920296.680876041,255.6379669100114,33.466199231334855,13.46517887712655,2.671044551721986,0.39757733981660465,-2.1263164006893307e-11,-4.1775902598289725e-16,-3.8179157727575106e-13,4500.0,-7.625606413891063e-14,20.000000000069964,40.00000000013984
946132.375589076,262.81454877474334,33.466199231334855,13.46517887712655,2.671044551721986,0.39757733981660465,-2.1263164006893307e-11,-4.177589311351033e-16,-3.8179157727575106e-13,4500.0,-3.8508193247697104e-13,20.00000000007028,40.00000000014016
972693.3615426179,270.192600428505,33.466199231334855,13.46517887712655,2.671044551721986,0.39757733981660465,-2.1263164006893307e-11,-4.177589311351033e-16,-3.8179157727575106e-13,4500.0,-2.7720007865507885e-13,20.000000000070173,40.000000000140055
1000000.0,277.77777777777777,33.466199231334855,13.46517887712655,2.671044551721986,0.39757733981660465,-2.1263164006893307e-11,-4.177589311351033e-16,-3.8179157727575106e-13,4500.0,-1.6628963340356529e-13,20.000000000070063,40.00000000013994
